id,source,target,amount,txn_time,category
1000,A1284,A1216,8708.26,2025-10-18 15:06,ib_txn
1001,A1105,A1296,8295.22,2025-10-19 10:52,ib_txn
1002,A1074,A1034,8719.98,2025-10-29 19:36,ib_txn
1003,A1105,A1170,5662.59,2025-10-30 11:42,ib_txn
1004,A1284,A1280,5932.08,2025-10-15 14:57,ib_txn
1005,A1292,A1284,4993.27,2025-10-25 14:03,ib_txn
1006,A1170,A1294,6694.18,2025-10-10 18:02,ib_txn
1007,A1216,A1105,9670.86,2025-10-22 3:39,ib_txn
1008,A1052,A1034,645.8,2025-10-10 14:55,ib_txn
1009,A1216,A1272,4960.16,2025-10-17 12:19,ib_txn
1010,A1284,A1128,6673.45,2025-10-22 19:25,ib_txn
1011,A1292,A1074,7327.82,2025-11-1 19:41,ib_txn
1012,A1099,A1272,2730.32,2025-10-19 8:16,ib_txn
1013,A1272,A1128,9794.21,2025-10-7 16:09,ib_txn
1014,A1052,A1297,936.91,2025-10-4 10:40,ib_txn
1015,A1292,A1128,1882.91,2025-11-3 15:00,ib_txn
1016,A1074,A1170,2210.54,2025-10-12 2:52,ib_txn
1017,A1294,A1128,6387.25,2025-10-16 18:07,ib_txn
1018,A1216,A1280,4880.92,2025-10-17 16:43,ib_txn
1019,A1074,A1297,9039.63,2025-10-30 10:28,ib_txn
1020,A1272,A1034,9479.74,2025-11-7 10:53,ib_txn
1021,A1284,A1296,4839.94,2025-10-20 7:15,ib_txn
1022,A1294,A1034,1513.21,2025-10-25 20:49,ib_txn
1023,A1099,A1296,9930.57,2025-10-19 0:47,ib_txn
1024,A1297,A1099,8718.14,2025-10-4 22:04,ib_txn
1025,A1052,A1296,7869.54,2025-10-15 22:06,ib_txn
1026,A1280,A1074,2306.25,2025-10-17 4:58,ib_txn
1027,A1272,A1074,6640.24,2025-10-20 16:02,ib_txn
1028,A1099,A1292,7457.42,2025-10-6 10:44,ib_txn
1029,A1284,A1128,2168.58,2025-10-9 19:38,ib_txn
1030,A1105,A1052,9178.13,2025-10-11 9:21,ib_txn
1031,A1296,A1284,8768.77,2025-10-8 17:03,ib_txn
1032,A1280,A1294,6925.08,2025-10-26 20:17,ib_txn
1033,A1272,A1170,4248.46,2025-10-17 19:32,ib_txn
1034,A1034,A1292,6891.87,2025-10-17 21:16,ib_txn
1035,A1294,A1074,9432.77,2025-10-7 8:30,ib_txn
1036,A1052,A1105,3616.06,2025-10-15 23:34,ib_txn
1037,A1074,A1294,4910.54,2025-10-20 23:38,ib_txn
1038,A1272,A1216,930.79,2025-10-3 11:04,ib_txn
1039,A1272,A1052,2730.6,2025-11-4 4:56,ib_txn
1040,A1034,A1292,6869.62,2025-11-4 15:15,ib_txn
1041,A1284,A1052,1967.97,2025-10-27 23:50,ib_txn
1042,A1294,A1034,6348.7,2025-10-18 1:11,ib_txn
1043,A1292,A1280,4712.14,2025-10-16 13:12,ib_txn
1044,A1074,A1292,5672.43,2025-10-23 2:12,ib_txn
1045,A1296,A1280,9697.97,2025-10-30 3:20,ib_txn
1046,A1074,A1099,9725.39,2025-10-4 12:08,ib_txn
1047,A1170,A1099,2449.45,2025-11-5 7:32,ib_txn
1048,A1280,A1294,8762.11,2025-10-22 5:22,ib_txn
1049,A1294,A1216,9881.51,2025-11-4 9:07,ib_txn
1050,A1294,A1297,1752.13,2025-10-23 8:39,ib_txn
1051,A1292,A1297,2155.34,2025-10-4 4:36,ib_txn
1052,A1128,A1105,1579.67,2025-10-5 17:20,ib_txn
1053,A1170,A1292,5375.76,2025-10-7 16:27,ib_txn
1054,A1280,A1099,911.97,2025-11-3 10:58,ib_txn
1055,A1074,A1297,1077.84,2025-10-31 14:37,ib_txn
1056,A1074,A1272,5157.55,2025-10-29 2:40,ib_txn
1057,A1292,A1099,1909.17,2025-10-9 10:00,ib_txn
1058,A1074,A1099,5709.39,2025-10-21 13:52,ib_txn
1059,A1105,A1296,4810.3,2025-11-8 15:39,ib_txn
1060,A1170,A1284,1586.93,2025-11-5 7:49,ib_txn
1061,A1034,A1280,4431.23,2025-10-30 14:31,ib_txn
1062,A1284,A1272,3469.21,2025-10-21 9:16,ib_txn
1063,A1216,A1074,9268.36,2025-10-5 3:19,ib_txn
1064,A1272,A1284,7518.56,2025-10-9 20:15,ib_txn
1065,A1099,A1105,5835.99,2025-10-8 14:57,ib_txn
1066,A1294,A1074,9440.73,2025-10-28 1:52,ib_txn
1067,A1292,A1272,5990.23,2025-10-14 5:38,ib_txn
1068,A1034,A1280,8549.11,2025-10-23 20:15,ib_txn
1069,A1296,A1099,2648.51,2025-10-28 20:25,ib_txn
1070,A1099,A1074,6605.64,2025-10-2 22:10,ib_txn
1071,A1294,A1284,3040.75,2025-10-12 9:56,ib_txn
1072,A1170,A1296,9254.61,2025-10-23 0:13,ib_txn
1073,A1099,A1074,4307.45,2025-10-10 23:03,ib_txn
1074,A1272,A1284,5539.59,2025-10-25 15:17,ib_txn
1075,A1292,A1216,4015.5,2025-10-21 20:39,ib_txn
1076,A1272,A1297,1978.01,2025-10-4 2:58,ib_txn
1077,A1034,A1074,4528.14,2025-11-8 16:05,ib_txn
1078,A1296,A1280,7671.96,2025-10-8 12:34,ib_txn
1079,A1272,A1296,6943.07,2025-11-7 17:43,ib_txn
1080,A1074,A1296,931.46,2025-10-26 21:49,ib_txn
1081,A1297,A1280,3363.48,2025-10-14 4:59,ib_txn
1082,A1296,A1292,1639.85,2025-11-1 15:40,ib_txn
1083,A1216,A1128,5559.53,2025-10-15 18:12,ib_txn
1084,A1294,A1074,8158.9,2025-10-5 14:27,ib_txn
1085,A1297,A1034,9251.04,2025-10-21 20:57,ib_txn
1086,A1284,A1074,4468.09,2025-10-8 14:44,ib_txn
1087,A1292,A1216,8112.56,2025-10-30 13:10,ib_txn
1088,A1272,A1280,4638.93,2025-10-26 19:04,ib_txn
1089,A1128,A1294,3447.61,2025-10-22 8:04,ib_txn
1090,A1170,A1216,1225.6,2025-10-8 19:19,ib_txn
1091,A1280,A1170,3819.07,2025-10-10 8:36,ib_txn
1092,A1216,A1296,2374.08,2025-11-8 5:33,ib_txn
1093,A1272,A1216,9537.28,2025-11-1 16:53,ib_txn
1094,A1034,A1074,9279.47,2025-11-6 23:24,ib_txn
1095,A1292,A1294,9724.24,2025-10-21 5:29,ib_txn
1096,A1034,A1074,3376.79,2025-10-18 21:31,ib_txn
1097,A1292,A1105,1204.81,2025-10-30 16:27,ib_txn
1098,A1297,A1292,8401.12,2025-10-5 23:28,ib_txn
1099,A1105,A1128,4895.76,2025-11-5 1:29,ib_txn
1100,A1052,A1170,5930.74,2025-10-13 11:42,ib_txn
1101,A1034,A1105,1933.18,2025-10-4 16:24,ib_txn
1102,A1170,A1294,3762.66,2025-10-6 18:22,ib_txn
1103,A1216,A1297,2853.57,2025-10-29 15:59,ib_txn
1104,A1105,A1099,2008.09,2025-10-24 10:17,ib_txn
1105,A1128,A1170,3714.49,2025-11-8 1:54,ib_txn
1106,A1074,A1292,1126.16,2025-10-7 20:18,ib_txn
1107,A1128,A1296,2893.96,2025-11-8 5:28,ib_txn
1108,A1272,A1099,6804.32,2025-10-23 11:17,ib_txn
1109,A1284,A1074,4223.6,2025-11-8 3:05,ib_txn
1110,A1105,A1128,6613.19,2025-10-22 4:39,ib_txn
1111,A1284,A1294,9497.53,2025-11-3 3:24,ib_txn
1112,A1105,A1292,673.19,2025-10-20 6:33,ib_txn
1113,A1292,A1170,5119.57,2025-10-15 5:00,ib_txn
1114,A1272,A1296,8522.07,2025-10-7 18:29,ib_txn
1115,A1052,A1105,858.6,2025-10-22 22:30,ib_txn
1116,A1099,A1128,1965.4,2025-10-12 22:44,ib_txn
1117,A1284,A1034,915.08,2025-10-24 8:38,ib_txn
1118,A1099,A1296,7647.72,2025-10-29 8:31,ib_txn
1119,A1280,A1296,9673.17,2025-10-31 7:03,ib_txn
1120,A1099,A1034,4885.96,2025-10-19 13:54,ib_txn
1121,A1105,A1128,9679.55,2025-10-13 22:00,ib_txn
1122,A1297,A1074,5065.61,2025-10-24 20:11,ib_txn
1123,A1284,A1294,5401.14,2025-10-8 10:22,ib_txn
1124,A1170,A1216,3091.52,2025-11-2 5:21,ib_txn
1125,A1272,A1280,8258.68,2025-10-23 0:58,ib_txn
1126,A1105,A1292,2739.89,2025-10-6 13:39,ib_txn
1127,A1297,A1292,9342.85,2025-10-22 5:19,ib_txn
1128,A1052,A1294,4988.32,2025-10-9 17:04,ib_txn
1129,A1099,A1297,9105.65,2025-10-2 9:19,ib_txn
1130,A1105,A1284,6284.36,2025-10-28 4:02,ib_txn
1131,A1280,A1296,1657.56,2025-10-16 15:17,ib_txn
1132,A1170,A1099,4842.58,2025-10-8 18:11,ib_txn
1133,A1105,A1297,6503.57,2025-11-6 8:48,ib_txn
1134,A1216,A1296,4577.77,2025-10-23 8:45,ib_txn
1135,A1128,A1216,6811.53,2025-10-6 19:03,ib_txn
1136,A1272,A1105,5668.78,2025-11-2 20:10,ib_txn
1137,A1128,A1294,4966.28,2025-10-25 13:35,ib_txn
1138,A1284,A1297,3892.39,2025-10-5 12:33,ib_txn
1139,A1284,A1074,6468.44,2025-11-7 12:06,ib_txn
1140,A1297,A1292,5687.13,2025-10-12 16:54,ib_txn
1141,A1034,A1074,2231.64,2025-10-9 2:17,ib_txn
1142,A1170,A1034,851.35,2025-10-13 1:35,ib_txn
1143,A1052,A1297,3498.16,2025-10-20 18:45,ib_txn
1144,A1294,A1105,4997.3,2025-10-3 23:33,ib_txn
1145,A1296,A1292,8690.32,2025-10-4 23:52,ib_txn
1146,A1170,A1292,4651.04,2025-10-26 16:00,ib_txn
1147,A1292,A1216,5213.93,2025-11-1 13:22,ib_txn
1148,A1296,A1170,1284.81,2025-10-28 2:52,ib_txn
1149,A1099,A1294,2214.34,2025-10-19 11:41,ib_txn
1150,A1272,A1292,6778.73,2025-10-20 16:14,ib_txn
1151,A1284,A1128,2083.13,2025-10-29 12:47,ib_txn
1152,A1297,A1284,8765.35,2025-10-23 22:23,ib_txn
1153,A1170,A1297,1212.89,2025-10-26 13:13,ib_txn
1154,A1170,A1284,6954.4,2025-10-2 5:11,ib_txn
1155,A1074,A1170,4662.64,2025-10-9 2:26,ib_txn
1156,A1170,A1074,3980.12,2025-10-25 20:39,ib_txn
1157,A1099,A1216,6951.09,2025-10-24 13:32,ib_txn
1158,A1170,A1272,5952.26,2025-11-3 13:21,ib_txn
1159,A1292,A1074,3147.55,2025-10-8 0:56,ib_txn
1160,A1216,A1034,5418.58,2025-11-5 4:17,ib_txn
1161,A1170,A1296,7188.36,2025-10-14 22:16,ib_txn
1162,A1284,A1034,2401.69,2025-10-9 2:41,ib_txn
1163,A1216,A1284,4728.56,2025-10-6 11:38,ib_txn
1164,A1292,A1284,1116.92,2025-11-4 10:34,ib_txn
1165,A1294,A1216,7262.19,2025-10-12 13:09,ib_txn
1166,A1280,A1272,9858.76,2025-10-9 8:37,ib_txn
1167,A1105,A1099,4004.66,2025-11-5 4:43,ib_txn
1168,A1052,A1272,1124.61,2025-10-26 17:25,ib_txn
1169,A1128,A1170,4389.62,2025-11-6 2:41,ib_txn
1170,A1292,A1074,1204.57,2025-10-30 18:50,ib_txn
1171,A1216,A1294,7912.5,2025-11-7 6:37,ib_txn
1172,A1128,A1105,9151.77,2025-10-4 4:31,ib_txn
1173,A1216,A1052,3565.28,2025-10-15 12:35,ib_txn
1174,A1052,A1296,8536.37,2025-10-17 7:08,ib_txn
1175,A1296,A1216,6437.71,2025-11-4 3:24,ib_txn
1176,A1074,A1216,6122.18,2025-11-7 5:36,ib_txn
1177,A1074,A1099,7346.01,2025-11-8 12:17,ib_txn
1178,A1297,A1294,8705.92,2025-10-6 1:39,ib_txn
1179,A1296,A1074,2502.68,2025-11-6 15:10,ib_txn
1180,A1074,A1297,5231.36,2025-11-4 10:32,ib_txn
1181,A1296,A1034,2826.34,2025-10-26 10:49,ib_txn
1182,A1272,A1284,1069.17,2025-10-29 15:07,ib_txn
1183,A1034,A1280,3731.83,2025-10-10 11:22,ib_txn
1184,A1292,A1284,9886.22,2025-10-23 14:31,ib_txn
1185,A1105,A1052,1508.75,2025-10-16 16:59,ib_txn
1186,A1296,A1034,2855.23,2025-10-7 1:50,ib_txn
1187,A1128,A1294,6346.09,2025-10-16 5:48,ib_txn
1188,A1052,A1099,7350.72,2025-10-13 5:48,ib_txn
1189,A1105,A1034,5238.22,2025-10-20 18:06,ib_txn
1190,A1272,A1128,5301.72,2025-10-16 7:49,ib_txn
1191,A1292,A1297,980.13,2025-11-1 21:45,ib_txn
1192,A1074,A1034,3214.61,2025-10-1 3:54,ib_txn
1193,A1216,A1296,7411.33,2025-10-26 13:19,ib_txn
1194,A1128,A1297,5917.68,2025-10-13 13:11,ib_txn
1195,A1296,A1272,4170.31,2025-10-29 20:01,ib_txn
1196,A1294,A1099,6963.79,2025-10-8 4:41,ib_txn
1197,A1128,A1292,8051.52,2025-10-22 20:18,ib_txn
1198,A1280,A1099,5336.66,2025-11-2 1:27,ib_txn
1199,A1297,A1216,7279.12,2025-10-31 18:54,ib_txn
1200,A1216,A1099,8984.75,2025-10-9 11:56,ib_txn
1201,A1128,A1099,7523.53,2025-10-20 21:37,ib_txn
1202,A1105,A1294,5342.28,2025-11-1 20:29,ib_txn
1203,A1034,A1294,658.05,2025-10-22 3:59,ib_txn
1204,A1099,A1296,8069.17,2025-10-2 21:43,ib_txn
1205,A1074,A1170,9734.54,2025-11-7 21:01,ib_txn
1206,A1099,A1034,2119.86,2025-10-25 5:22,ib_txn
1207,A1280,A1297,5939.42,2025-10-8 6:56,ib_txn
1208,A1034,A1292,4478.41,2025-10-27 7:25,ib_txn
1209,A1105,A1170,6309.04,2025-10-31 2:16,ib_txn
1210,A1216,A1105,2469.75,2025-10-21 17:25,ib_txn
1211,A1128,A1292,9588.51,2025-10-30 19:24,ib_txn
1212,A1074,A1170,8742.72,2025-10-17 22:12,ib_txn
1213,A1280,A1296,5801.82,2025-10-15 10:50,ib_txn
1214,A1284,A1280,7057.28,2025-11-1 11:32,ib_txn
1215,A1292,A1105,9370.15,2025-10-18 10:28,ib_txn
1216,A1105,A1128,9009.72,2025-10-26 12:33,ib_txn
1217,A1296,A1284,1250.78,2025-10-29 23:52,ib_txn
1218,A1284,A1034,2532.87,2025-11-4 9:52,ib_txn
1219,A1284,A1296,1804.09,2025-11-7 8:42,ib_txn
1220,A1297,A1074,9099.25,2025-10-15 23:13,ib_txn
1221,A1128,A1292,7314.9,2025-10-7 5:00,ib_txn
1222,A1105,A1216,4365.62,2025-10-31 17:23,ib_txn
1223,A1280,A1170,9657.18,2025-10-21 10:23,ib_txn
1224,A1170,A1272,6696.84,2025-10-15 19:29,ib_txn
1225,A1284,A1294,9398.36,2025-10-12 15:12,ib_txn
1226,A1297,A1294,4271.45,2025-11-1 6:47,ib_txn
1227,A1294,A1296,8829.06,2025-10-1 10:51,ib_txn
1228,A1052,A1292,3203.34,2025-11-4 19:05,ib_txn
1229,A1052,A1216,8585.07,2025-10-30 9:56,ib_txn
1230,A1292,A1216,7445.63,2025-10-17 6:46,ib_txn
1231,A1284,A1292,8012.29,2025-11-6 7:01,ib_txn
1232,A1074,A1128,8356.4,2025-11-2 11:56,ib_txn
1233,A1272,A1216,9826.01,2025-10-31 11:46,ib_txn
1234,A1128,A1280,4743.99,2025-10-18 12:00,ib_txn
1235,A1099,A1284,5942.33,2025-10-17 23:47,ib_txn
1236,A1284,A1280,1090.18,2025-10-8 16:56,ib_txn
1237,A1216,A1128,7017.7,2025-10-20 4:16,ib_txn
1238,A1052,A1296,3991.67,2025-10-15 7:58,ib_txn
1239,A1034,A1216,4822.3,2025-11-8 13:36,ib_txn
1240,A1284,A1105,9171.57,2025-11-4 7:57,ib_txn
1241,A1099,A1294,7980.02,2025-11-3 16:15,ib_txn
1242,A1284,A1292,1241.98,2025-11-6 4:05,ib_txn
1243,A1294,A1105,9077.44,2025-10-13 20:51,ib_txn
1244,A1292,A1294,5443.24,2025-10-8 7:28,ib_txn
1245,A1099,A1034,1363.95,2025-11-2 16:13,ib_txn
1246,A1034,A1216,5375.85,2025-10-30 20:31,ib_txn
1247,A1105,A1034,6891.29,2025-10-20 0:47,ib_txn
1248,A1296,A1294,528.65,2025-10-14 21:03,ib_txn
1249,A1297,A1128,3773.02,2025-10-5 19:42,ib_txn
1250,A1052,A1272,9868.3,2025-10-31 1:09,ib_txn
1251,A1170,A1216,7775.36,2025-10-27 13:38,ib_txn
1252,A1034,A1294,9212.59,2025-10-25 13:40,ib_txn
1253,A1074,A1294,5623.35,2025-10-23 4:19,ib_txn
1254,A1105,A1128,5524,2025-10-15 0:07,ib_txn
1255,A1296,A1034,6898.25,2025-11-4 15:26,ib_txn
1256,A1128,A1294,2681.81,2025-10-30 12:36,ib_txn
1257,A1296,A1280,9405.4,2025-10-8 1:10,ib_txn
1258,A1170,A1297,2786.33,2025-10-5 3:40,ib_txn
1259,A1297,A1034,6178.96,2025-10-4 8:54,ib_txn
1260,A1297,A1128,4670.15,2025-11-4 7:54,ib_txn
1261,A1216,A1105,9938.09,2025-10-15 20:58,ib_txn
1262,A1170,A1074,8274.63,2025-10-16 10:59,ib_txn
1263,A1105,A1280,4428.82,2025-10-18 2:13,ib_txn
1264,A1099,A1284,9159.99,2025-10-28 20:14,ib_txn
1265,A1292,A1074,6877.75,2025-11-3 11:36,ib_txn
1266,A1128,A1052,1917.57,2025-10-25 6:41,ib_txn
1267,A1034,A1280,8568.74,2025-10-20 5:15,ib_txn
1268,A1105,A1128,9693.97,2025-11-5 19:17,ib_txn
1269,A1296,A1280,3637.5,2025-10-6 16:22,ib_txn
1270,A1272,A1105,7383.55,2025-10-13 1:52,ib_txn
1271,A1128,A1074,6247.21,2025-10-3 2:38,ib_txn
1272,A1170,A1052,6082.05,2025-11-5 7:54,ib_txn
1273,A1280,A1294,9116.81,2025-10-20 0:33,ib_txn
1274,A1284,A1272,7595.35,2025-10-31 8:49,ib_txn
1275,A1099,A1284,2442.87,2025-10-16 20:06,ib_txn
1276,A1170,A1296,4116.29,2025-11-4 23:37,ib_txn
1277,A1296,A1052,3916.62,2025-11-1 16:58,ib_txn
1278,A1170,A1284,4960.16,2025-10-21 7:23,ib_txn
1279,A1292,A1128,934.3,2025-10-15 5:18,ib_txn
1280,A1296,A1105,9380.2,2025-11-7 15:12,ib_txn
1281,A1292,A1280,4108.48,2025-10-16 18:10,ib_txn
1282,A1074,A1052,3706.86,2025-11-1 23:21,ib_txn
1283,A1034,A1052,2098.22,2025-10-23 6:09,ib_txn
1284,A1284,A1105,5139.01,2025-11-4 23:22,ib_txn
1285,A1105,A1297,8471.15,2025-10-5 1:45,ib_txn
1286,A1294,A1074,2698.62,2025-10-10 0:19,ib_txn
1287,A1105,A1034,4045.41,2025-10-31 17:45,ib_txn
1288,A1297,A1105,5740.61,2025-10-1 0:36,ib_txn
1289,A1284,A1296,5589.51,2025-10-19 0:37,ib_txn
1290,A1294,A1284,6903.31,2025-10-12 3:53,ib_txn
1291,A1105,A1216,2789.2,2025-11-3 9:11,ib_txn
1292,A1296,A1170,4270.52,2025-10-24 14:46,ib_txn
1293,A1099,A1280,9907.21,2025-10-15 10:55,ib_txn
1294,A1272,A1074,9920.91,2025-10-3 3:24,ib_txn
1295,A1105,A1034,1033.09,2025-10-1 6:14,ib_txn
1296,A1034,A1294,4622.14,2025-10-22 20:36,ib_txn
1297,A1052,A1105,9231.95,2025-10-15 7:41,ib_txn
1298,A1034,A1296,942.34,2025-10-5 10:12,ib_txn
1299,A1099,A1074,812.57,2025-10-21 0:34,ib_txn
1300,A1099,A1216,7646.42,2025-10-26 2:48,ib_txn
1301,A1216,A1099,2784.49,2025-10-25 19:40,ib_txn
1302,A1128,A1170,7527.58,2025-10-6 18:13,ib_txn
1303,A1292,A1297,1428.01,2025-10-15 2:46,ib_txn
1304,A1099,A1170,6331.72,2025-11-8 14:26,ib_txn
1305,A1297,A1074,3096.61,2025-10-29 17:51,ib_txn
1306,A1292,A1105,9440.86,2025-10-28 6:45,ib_txn
1307,A1128,A1272,7835.59,2025-10-19 8:58,ib_txn
1308,A1272,A1052,3045.73,2025-10-25 23:04,ib_txn
1309,A1284,A1128,3508.44,2025-10-7 3:19,ib_txn
1310,A1296,A1034,3919.22,2025-10-18 3:43,ib_txn
1311,A1272,A1216,4594.31,2025-11-5 20:11,ib_txn
1312,A1128,A1272,749.49,2025-10-23 20:10,ib_txn
1313,A1099,A1052,7952.17,2025-10-25 0:26,ib_txn
1314,A1128,A1052,7902.11,2025-11-5 8:50,ib_txn
1315,A1105,A1216,7010.5,2025-10-11 5:03,ib_txn
1316,A1296,A1052,5184.68,2025-10-5 6:05,ib_txn
1317,A1296,A1128,3347.65,2025-10-5 13:08,ib_txn
1318,A1280,A1284,6437.82,2025-11-8 22:27,ib_txn
1319,A1034,A1272,1787.15,2025-10-1 14:24,ib_txn
1320,A1294,A1099,4108.95,2025-10-22 16:01,ib_txn
1321,A1128,A1294,8323.58,2025-11-8 4:57,ib_txn
1322,A1284,A1280,5050.59,2025-10-12 14:29,ib_txn
1323,A1296,A1284,7102.1,2025-11-1 20:58,ib_txn
1324,A1292,A1128,3162.85,2025-10-26 13:17,ib_txn
1325,A1052,A1099,2398.1,2025-11-4 6:33,ib_txn
1326,A1170,A1105,755.7,2025-10-30 7:37,ib_txn
1327,A1170,A1296,8397.18,2025-10-5 14:53,ib_txn
1328,A1074,A1296,2799.2,2025-10-10 15:24,ib_txn
1329,A1272,A1034,9911.66,2025-10-31 21:11,ib_txn
1330,A1052,A1294,7071.23,2025-11-4 1:20,ib_txn
1331,A1284,A1170,5600.61,2025-10-6 3:58,ib_txn
1332,A1074,A1052,3872.58,2025-10-3 20:30,ib_txn
1333,A1074,A1052,4296.37,2025-10-22 15:40,ib_txn
1334,A1297,A1272,2958.01,2025-11-2 18:53,ib_txn
1335,A1099,A1284,5964.74,2025-10-29 13:37,ib_txn
1336,A1034,A1170,6955.78,2025-11-2 5:29,ib_txn
1337,A1297,A1034,1493.22,2025-10-27 3:07,ib_txn
1338,A1294,A1284,1845.91,2025-10-20 12:29,ib_txn
1339,A1170,A1280,5450.59,2025-10-23 17:20,ib_txn
1340,A1034,A1284,7119.25,2025-10-21 2:26,ib_txn
1341,A1297,A1170,7252.4,2025-10-2 12:29,ib_txn
1342,A1272,A1074,8100.48,2025-10-16 18:47,ib_txn
1343,A1292,A1105,4550.51,2025-10-30 8:26,ib_txn
1344,A1074,A1216,2270.68,2025-10-28 14:24,ib_txn
1345,A1284,A1099,8889.43,2025-10-29 21:33,ib_txn
1346,A1284,A1280,2454.95,2025-10-5 21:01,ib_txn
1347,A1170,A1294,5600.45,2025-10-24 11:52,ib_txn
1348,A1034,A1272,2992.36,2025-11-1 19:12,ib_txn
1349,A1292,A1099,4192.07,2025-10-26 21:22,ib_txn
1350,A1292,A1052,8532.42,2025-10-12 10:49,ib_txn
1351,A1074,A1216,3475.26,2025-10-16 11:07,ib_txn
1352,A1216,A1292,7087.65,2025-11-2 14:08,ib_txn
1353,A1099,A1216,5960.66,2025-10-28 6:45,ib_txn
1354,A1074,A1105,7087.61,2025-10-12 20:12,ib_txn
1355,A1034,A1296,1832.82,2025-10-21 16:25,ib_txn
1356,A1297,A1294,3910.87,2025-10-1 17:38,ib_txn
1357,A1280,A1294,4147.47,2025-11-5 18:24,ib_txn
1358,A1034,A1128,7004.62,2025-10-27 16:09,ib_txn
1359,A1216,A1272,5871.28,2025-10-15 10:38,ib_txn
1360,A1296,A1280,5607.28,2025-10-11 16:39,ib_txn
1361,A1284,A1170,7776.24,2025-11-5 18:35,ib_txn
1362,A1099,A1272,3044.94,2025-11-4 13:21,ib_txn
1363,A1294,A1170,895.3,2025-10-29 19:53,ib_txn
1364,A1128,A1272,7491.89,2025-10-16 10:50,ib_txn
1365,A1034,A1296,3811.48,2025-10-6 15:59,ib_txn
1366,A1170,A1052,2750.99,2025-11-7 12:45,ib_txn
1367,A1099,A1074,4567.59,2025-10-9 7:31,ib_txn
1368,A1170,A1297,5915.71,2025-11-4 10:14,ib_txn
1369,A1105,A1216,3574.71,2025-10-19 10:32,ib_txn
1370,A1296,A1294,5386.94,2025-10-7 4:56,ib_txn
1371,A1052,A1297,9928.62,2025-10-9 4:49,ib_txn
1372,A1292,A1294,2851.77,2025-10-26 17:49,ib_txn
1373,A1099,A1074,3052.81,2025-10-27 13:39,ib_txn
1374,A1272,A1074,8048.69,2025-10-6 14:40,ib_txn
1375,A1284,A1292,4819.61,2025-11-1 11:54,ib_txn
1376,A1297,A1294,7854.29,2025-10-6 16:41,ib_txn
1377,A1074,A1284,3903.12,2025-10-5 19:27,ib_txn
1378,A1280,A1128,8336.05,2025-11-1 9:46,ib_txn
1379,A1292,A1105,5990.37,2025-11-6 17:40,ib_txn
1380,A1052,A1074,7741.41,2025-10-3 3:37,ib_txn
1381,A1170,A1294,4866.03,2025-10-8 5:45,ib_txn
1382,A1034,A1297,9922.46,2025-10-28 7:21,ib_txn
1383,A1052,A1074,3367.72,2025-10-18 3:23,ib_txn
1384,A1292,A1296,1283,2025-10-11 1:53,ib_txn
1385,A1074,A1296,7396.89,2025-10-15 15:37,ib_txn
1386,A1272,A1284,1404.24,2025-10-14 17:21,ib_txn
1387,A1216,A1099,2648.81,2025-10-29 0:20,ib_txn
1388,A1284,A1292,8262.54,2025-10-28 4:48,ib_txn
1389,A1128,A1272,7442.25,2025-10-7 3:45,ib_txn
1390,A1292,A1296,1802.73,2025-10-9 23:21,ib_txn
1391,A1216,A1272,5539.83,2025-10-1 22:13,ib_txn
1392,A1216,A1034,3836.28,2025-10-14 22:52,ib_txn
1393,A1216,A1128,6352.72,2025-10-29 7:54,ib_txn
1394,A1052,A1272,1830.12,2025-10-8 21:27,ib_txn
1395,A1128,A1292,9650.86,2025-10-21 5:05,ib_txn
1396,A1272,A1280,5757.27,2025-11-8 22:07,ib_txn
1397,A1170,A1284,754.83,2025-10-20 7:28,ib_txn
1398,A1099,A1105,2292.14,2025-10-26 10:45,ib_txn
1399,A1297,A1170,9030.17,2025-10-16 18:01,ib_txn
1400,A1034,A1074,6142.33,2025-11-3 0:26,ib_txn
1401,A1052,A1292,1753.84,2025-11-6 15:19,ib_txn
1402,A1105,A1074,2141.32,2025-10-31 2:39,ib_txn
1403,A1099,A1272,631.04,2025-10-14 1:27,ib_txn
1404,A1170,A1128,5312.8,2025-11-2 15:07,ib_txn
1405,A1284,A1128,1283.06,2025-11-4 19:34,ib_txn
1406,A1216,A1296,1294.17,2025-10-6 18:36,ib_txn
1407,A1170,A1216,5595.71,2025-10-26 21:21,ib_txn
1408,A1170,A1294,6673.48,2025-10-5 11:17,ib_txn
1409,A1128,A1284,9557.57,2025-10-16 2:06,ib_txn
1410,A1128,A1272,4807.03,2025-11-8 2:00,ib_txn
1411,A1074,A1284,6751.5,2025-10-12 4:20,ib_txn
1412,A1284,A1216,7164.25,2025-10-11 18:04,ib_txn
1413,A1105,A1052,7938.38,2025-10-17 6:04,ib_txn
1414,A1216,A1284,7920.68,2025-10-18 4:17,ib_txn
1415,A1292,A1170,4578.58,2025-11-3 2:19,ib_txn
1416,A1284,A1099,6461.56,2025-11-1 16:34,ib_txn
1417,A1292,A1297,5246.3,2025-11-6 6:04,ib_txn
1418,A1216,A1296,7846.63,2025-11-6 4:11,ib_txn
1419,A1284,A1105,524.4,2025-10-1 8:54,ib_txn
1420,A1034,A1292,4138.31,2025-10-10 6:30,ib_txn
1421,A1105,A1170,9182.5,2025-10-27 8:10,ib_txn
1422,A1052,A1284,3539.38,2025-10-5 20:48,ib_txn
1423,A1272,A1105,6896.59,2025-10-4 6:31,ib_txn
1424,A1170,A1105,9823.43,2025-10-26 2:30,ib_txn
1425,A1170,A1294,3451.63,2025-10-6 20:08,ib_txn
1426,A1297,A1292,2406.38,2025-11-6 11:03,ib_txn
1427,A1099,A1280,4907.3,2025-11-7 17:57,ib_txn
1428,A1284,A1105,7724.58,2025-10-16 5:28,ib_txn
1429,A1052,A1128,727.15,2025-11-4 12:36,ib_txn
1430,A1294,A1284,8833.39,2025-10-22 0:03,ib_txn
1431,A1284,A1052,3421.35,2025-10-14 19:17,ib_txn
1432,A1128,A1034,9631.26,2025-10-10 10:11,ib_txn
1433,A1280,A1294,5437.71,2025-10-24 16:41,ib_txn
1434,A1272,A1099,1407.98,2025-10-9 23:12,ib_txn
1435,A1272,A1099,5894.3,2025-10-28 4:45,ib_txn
1436,A1296,A1052,8583.68,2025-10-26 11:52,ib_txn
1437,A1280,A1272,9463.77,2025-10-9 21:17,ib_txn
1438,A1216,A1034,4927.52,2025-10-27 4:23,ib_txn
1439,A1292,A1170,2472.54,2025-10-20 16:52,ib_txn
1440,A1294,A1272,1359,2025-10-20 21:57,ib_txn
1441,A1280,A1294,8637.45,2025-10-10 3:19,ib_txn
1442,A1292,A1128,5377.87,2025-10-20 9:28,ib_txn
1443,A1297,A1128,8618.71,2025-11-5 20:01,ib_txn
1444,A1272,A1170,8041.19,2025-10-8 0:26,ib_txn
1445,A1280,A1216,2382.26,2025-10-26 13:33,ib_txn
1446,A1074,A1052,1298.37,2025-11-7 9:25,ib_txn
1447,A1297,A1272,2378.63,2025-10-29 4:41,ib_txn
1448,A1052,A1294,8378.88,2025-10-22 4:27,ib_txn
1449,A1297,A1216,9279.25,2025-10-28 14:22,ib_txn
1450,A1074,A1128,2141.67,2025-10-14 6:48,ib_txn
1451,A1296,A1034,8892.53,2025-10-3 22:21,ib_txn
1452,A1074,A1296,5239.47,2025-11-5 17:26,ib_txn
1453,A1272,A1296,4138.65,2025-10-27 7:15,ib_txn
1454,A1052,A1170,5495.23,2025-11-4 0:42,ib_txn
1455,A1170,A1284,3911.57,2025-11-4 17:38,ib_txn
1456,A1052,A1099,5272.74,2025-10-25 9:50,ib_txn
1457,A1297,A1292,6172.61,2025-10-2 10:13,ib_txn
1458,A1170,A1034,5529.61,2025-11-7 8:28,ib_txn
1459,A1272,A1280,6740.21,2025-10-18 19:25,ib_txn
1460,A1198,A1255,8180.38,2025-10-9 1:33,ib_txn
1461,A1229,A1255,9974.06,2025-10-10 21:39,ib_txn
1462,A1195,A1234,4186.94,2025-10-26 20:05,ib_txn
1463,A1191,A1127,4852.49,2025-10-1 22:41,ib_txn
1464,A1127,A1229,1568.93,2025-10-10 5:23,ib_txn
1465,A1234,A1018,9286.82,2025-11-6 3:40,ib_txn
1466,A1146,A1229,3009.3,2025-11-1 20:49,ib_txn
1467,A1072,A1100,2135.9,2025-10-26 5:14,ib_txn
1468,A1168,A1100,4260.03,2025-10-22 8:38,ib_txn
1469,A1072,A1191,9021.8,2025-10-2 12:18,ib_txn
1470,A1072,A1018,9738.72,2025-10-15 4:53,ib_txn
1471,A1286,A1161,3059.49,2025-10-27 22:01,ib_txn
1472,A1195,A1255,4696.31,2025-10-27 17:38,ib_txn
1473,A1146,A1100,5395.06,2025-10-11 2:23,ib_txn
1474,A1127,A1168,1788.67,2025-11-3 20:42,ib_txn
1475,A1198,A1255,8814.22,2025-10-13 2:05,ib_txn
1476,A1100,A1146,7194.02,2025-10-18 13:24,ib_txn
1477,A1127,A1168,6536.39,2025-10-8 1:06,ib_txn
1478,A1146,A1072,6143.41,2025-10-12 17:16,ib_txn
1479,A1057,A1146,3770.37,2025-10-17 3:17,ib_txn
1480,A1261,A1168,971.68,2025-11-6 7:48,ib_txn
1481,A1205,A1255,3056.29,2025-10-27 18:41,ib_txn
1482,A1261,A1072,9159.4,2025-10-12 21:53,ib_txn
1483,A1231,A1191,4526.16,2025-10-25 12:41,ib_txn
1484,A1191,A1255,4933.63,2025-11-3 22:42,ib_txn
1485,A1234,A1018,569.8,2025-10-24 20:26,ib_txn
1486,A1231,A1234,7001.92,2025-10-31 2:19,ib_txn
1487,A1191,A1161,8684.17,2025-10-17 23:53,ib_txn
1488,A1231,A1255,1924.33,2025-10-16 2:04,ib_txn
1489,A1168,A1161,6967.18,2025-10-2 23:51,ib_txn
1490,A1231,A1191,9115.66,2025-10-26 14:08,ib_txn
1491,A1234,A1255,3760.09,2025-10-15 19:27,ib_txn
1492,A1072,A1146,5319.49,2025-10-11 23:56,ib_txn
1493,A1198,A1231,1427.23,2025-10-9 9:25,ib_txn
1494,A1057,A1198,9495.77,2025-10-22 23:49,ib_txn
1495,A1205,A1231,4494.49,2025-10-22 13:31,ib_txn
1496,A1234,A1231,4905.73,2025-10-8 17:07,ib_txn
1497,A1234,A1195,4986.09,2025-10-13 18:13,ib_txn
1498,A1168,A1127,3334.38,2025-10-4 5:29,ib_txn
1499,A1255,A1161,4387.32,2025-11-6 16:39,ib_txn
1500,A1161,A1198,7899.94,2025-11-1 12:06,ib_txn
1501,A1198,A1161,6527.74,2025-10-1 16:27,ib_txn
1502,A1255,A1198,5974.65,2025-10-11 17:49,ib_txn
1503,A1189,A1229,6518.13,2025-10-26 15:37,ib_txn
1504,A1168,A1261,858.39,2025-10-13 13:35,ib_txn
1505,A1161,A1127,2310.48,2025-10-1 22:49,ib_txn
1506,A1205,A1234,7088.49,2025-10-23 11:21,ib_txn
1507,A1018,A1168,5281.7,2025-10-20 6:04,ib_txn
1508,A1100,A1231,9510.4,2025-10-30 18:56,ib_txn
1509,A1229,A1189,3755.96,2025-11-1 13:04,ib_txn
1510,A1198,A1168,681.68,2025-10-15 4:46,ib_txn
1511,A1261,A1127,2105.36,2025-10-24 23:41,ib_txn
1512,A1168,A1191,7826.87,2025-10-4 21:37,ib_txn
1513,A1018,A1261,958.23,2025-10-8 15:10,ib_txn
1514,A1168,A1018,5699.18,2025-10-31 5:34,ib_txn
1515,A1261,A1231,4498.28,2025-10-7 18:56,ib_txn
1516,A1189,A1229,8391.2,2025-10-7 18:37,ib_txn
1517,A1231,A1018,7955.22,2025-11-1 7:13,ib_txn
1518,A1255,A1191,8399.24,2025-10-13 13:01,ib_txn
1519,A1198,A1100,5707.32,2025-10-14 17:30,ib_txn
1520,A1205,A1261,621.12,2025-10-6 4:01,ib_txn
1521,A1072,A1189,9519.74,2025-11-2 2:43,ib_txn
1522,A1191,A1205,4839.14,2025-10-19 9:36,ib_txn
1523,A1100,A1018,8225.19,2025-10-3 10:34,ib_txn
1524,A1161,A1229,7516.13,2025-10-7 1:40,ib_txn
1525,A1189,A1198,3622.28,2025-10-29 22:38,ib_txn
1526,A1195,A1146,8242.16,2025-10-12 4:08,ib_txn
1527,A1286,A1191,8439.23,2025-10-31 15:21,ib_txn
1528,A1198,A1018,1758.86,2025-10-4 5:48,ib_txn
1529,A1229,A1072,8121.52,2025-10-29 6:35,ib_txn
1530,A1146,A1261,8694.47,2025-10-9 17:35,ib_txn
1531,A1229,A1286,936.74,2025-10-17 23:50,ib_txn
1532,A1261,A1127,7791.52,2025-11-6 20:34,ib_txn
1533,A1161,A1127,5469.48,2025-10-7 15:45,ib_txn
1534,A1205,A1072,3784.62,2025-10-25 5:24,ib_txn
1535,A1100,A1261,6612.29,2025-10-11 18:24,ib_txn
1536,A1072,A1198,1211.22,2025-11-1 11:40,ib_txn
1537,A1161,A1191,978.33,2025-10-15 20:02,ib_txn
1538,A1168,A1234,8262.48,2025-10-6 16:42,ib_txn
1539,A1286,A1195,8637.6,2025-10-29 11:30,ib_txn
1540,A1261,A1018,4332.68,2025-10-3 20:17,ib_txn
1541,A1261,A1195,8021.94,2025-10-20 18:30,ib_txn
1542,A1286,A1161,3951.75,2025-10-4 8:06,ib_txn
1543,A1161,A1057,7790.46,2025-11-8 17:13,ib_txn
1544,A1146,A1286,1583.22,2025-10-15 0:04,ib_txn
1545,A1146,A1231,5703.06,2025-10-24 3:52,ib_txn
1546,A1198,A1072,1834.27,2025-10-27 3:53,ib_txn
1547,A1255,A1234,1647.09,2025-10-26 7:50,ib_txn
1548,A1255,A1161,1523.77,2025-10-27 1:41,ib_txn
1549,A1234,A1018,7835.38,2025-10-29 16:39,ib_txn
1550,A1234,A1127,1779.04,2025-11-1 0:09,ib_txn
1551,A1100,A1057,9385.43,2025-11-7 17:34,ib_txn
1552,A1198,A1234,7439.7,2025-10-9 3:46,ib_txn
1553,A1161,A1127,8873.21,2025-10-27 22:10,ib_txn
1554,A1191,A1168,9654.14,2025-10-19 16:29,ib_txn
1555,A1127,A1231,8509.21,2025-11-5 11:25,ib_txn
1556,A1057,A1255,2408.45,2025-10-19 12:34,ib_txn
1557,A1189,A1198,5286.99,2025-10-21 4:12,ib_txn
1558,A1057,A1072,6036.66,2025-10-27 19:26,ib_txn
1559,A1229,A1261,5465.93,2025-10-2 13:52,ib_txn
1560,A1100,A1234,2399.07,2025-10-11 10:26,ib_txn
1561,A1191,A1189,8474.13,2025-10-19 7:25,ib_txn
1562,A1286,A1018,6353.03,2025-11-5 8:10,ib_txn
1563,A1057,A1168,2757.16,2025-10-19 1:42,ib_txn
1564,A1168,A1229,9588.67,2025-10-21 20:06,ib_txn
1565,A1191,A1255,6395.34,2025-10-29 8:12,ib_txn
1566,A1146,A1057,7515.28,2025-10-13 7:02,ib_txn
1567,A1286,A1198,9842.81,2025-10-5 6:48,ib_txn
1568,A1018,A1168,886.03,2025-10-18 20:15,ib_txn
1569,A1189,A1198,6047.87,2025-10-17 0:12,ib_txn
1570,A1286,A1189,879.44,2025-10-21 21:43,ib_txn
1571,A1231,A1072,8004.13,2025-11-5 13:02,ib_txn
1572,A1161,A1127,2589.64,2025-10-12 18:57,ib_txn
1573,A1127,A1198,4451.35,2025-11-4 14:41,ib_txn
1574,A1146,A1205,8892.27,2025-10-22 12:03,ib_txn
1575,A1127,A1072,9968,2025-10-1 4:10,ib_txn
1576,A1205,A1234,9609.52,2025-10-21 13:53,ib_txn
1577,A1057,A1231,734.7,2025-11-3 13:39,ib_txn
1578,A1127,A1286,5124.64,2025-10-19 23:43,ib_txn
1579,A1161,A1127,1282.28,2025-10-7 6:05,ib_txn
1580,A1057,A1261,6455.86,2025-10-14 22:55,ib_txn
1581,A1229,A1018,2453.01,2025-10-28 23:32,ib_txn
1582,A1189,A1261,4862.64,2025-10-22 1:22,ib_txn
1583,A1195,A1100,2190.93,2025-10-17 20:19,ib_txn
1584,A1234,A1205,9154.37,2025-10-27 14:07,ib_txn
1585,A1229,A1161,660.46,2025-10-8 19:28,ib_txn
1586,A1195,A1100,7158.38,2025-10-5 13:01,ib_txn
1587,A1018,A1231,7975.47,2025-10-20 22:05,ib_txn
1588,A1231,A1286,4123.43,2025-10-2 17:15,ib_txn
1589,A1057,A1205,1795.62,2025-10-26 19:52,ib_txn
1590,A1189,A1231,6934.25,2025-10-24 0:24,ib_txn
1591,A1057,A1189,1670.73,2025-10-1 20:51,ib_txn
1592,A1168,A1057,5701.49,2025-10-6 11:05,ib_txn
1593,A1146,A1255,4420.22,2025-11-2 5:11,ib_txn
1594,A1198,A1205,6360.41,2025-10-17 7:04,ib_txn
1595,A1198,A1100,8588.18,2025-11-5 16:47,ib_txn
1596,A1231,A1195,2881.53,2025-10-13 21:08,ib_txn
1597,A1161,A1146,1718.04,2025-10-16 3:38,ib_txn
1598,A1195,A1255,3518.97,2025-10-29 11:57,ib_txn
1599,A1231,A1189,5872.74,2025-10-24 11:31,ib_txn
1600,A1198,A1261,3475.54,2025-10-15 23:19,ib_txn
1601,A1191,A1146,1775.91,2025-10-22 17:28,ib_txn
1602,A1286,A1146,7860.29,2025-11-1 20:05,ib_txn
1603,A1198,A1195,8497.03,2025-10-9 19:36,ib_txn
1604,A1195,A1234,8975,2025-11-2 22:59,ib_txn
1605,A1234,A1168,7807.4,2025-10-14 1:20,ib_txn
1606,A1191,A1057,8992.87,2025-11-4 17:11,ib_txn
1607,A1146,A1168,2621.41,2025-11-7 10:35,ib_txn
1608,A1286,A1127,5348.91,2025-10-26 13:14,ib_txn
1609,A1261,A1205,8555.83,2025-10-11 18:43,ib_txn
1610,A1198,A1189,7491.24,2025-10-31 13:03,ib_txn
1611,A1205,A1072,2701.62,2025-10-17 13:27,ib_txn
1612,A1100,A1255,5419.91,2025-10-24 14:07,ib_txn
1613,A1286,A1100,879.09,2025-10-21 3:45,ib_txn
1614,A1127,A1191,8431.29,2025-10-17 21:04,ib_txn
1615,A1168,A1234,3970.32,2025-10-5 18:48,ib_txn
1616,A1168,A1205,5405.53,2025-10-23 12:33,ib_txn
1617,A1072,A1261,5267.45,2025-10-9 16:00,ib_txn
1618,A1205,A1195,5388.14,2025-10-18 7:42,ib_txn
1619,A1198,A1234,3941.12,2025-10-8 8:23,ib_txn
1620,A1161,A1018,5074.41,2025-10-31 17:26,ib_txn
1621,A1234,A1198,6648.96,2025-10-27 0:49,ib_txn
1622,A1100,A1189,5948.12,2025-10-11 4:54,ib_txn
1623,A1127,A1100,8962.58,2025-10-10 2:02,ib_txn
1624,A1198,A1127,9603.26,2025-11-8 20:31,ib_txn
1625,A1231,A1195,2557.64,2025-11-8 17:09,ib_txn
1626,A1198,A1205,8388.45,2025-11-8 5:11,ib_txn
1627,A1198,A1127,3012.95,2025-10-22 16:30,ib_txn
1628,A1234,A1195,2683.23,2025-10-25 4:48,ib_txn
1629,A1261,A1255,5465.76,2025-11-2 15:17,ib_txn
1630,A1018,A1198,5020.76,2025-11-8 1:25,ib_txn
1631,A1127,A1018,1385.3,2025-10-9 21:58,ib_txn
1632,A1261,A1229,5459.42,2025-10-24 1:34,ib_txn
1633,A1127,A1229,2680.12,2025-10-31 13:52,ib_txn
1634,A1234,A1018,4542.15,2025-10-17 17:22,ib_txn
1635,A1195,A1231,6183.78,2025-11-4 14:52,ib_txn
1636,A1255,A1261,7236.91,2025-10-1 21:02,ib_txn
1637,A1018,A1127,568.34,2025-10-14 11:30,ib_txn
1638,A1146,A1018,1970.4,2025-11-7 9:14,ib_txn
1639,A1057,A1229,5864.37,2025-10-18 14:28,ib_txn
1640,A1229,A1057,7945.99,2025-10-31 6:30,ib_txn
1641,A1057,A1234,5095.72,2025-10-20 21:01,ib_txn
1642,A1168,A1189,8622.49,2025-10-8 8:21,ib_txn
1643,A1198,A1018,2537.35,2025-10-26 12:19,ib_txn
1644,A1100,A1198,4196.48,2025-10-1 3:18,ib_txn
1645,A1072,A1229,1337.34,2025-10-17 8:04,ib_txn
1646,A1195,A1100,7382.7,2025-10-26 22:21,ib_txn
1647,A1127,A1231,7260.26,2025-11-8 2:05,ib_txn
1648,A1072,A1286,601.75,2025-11-3 10:24,ib_txn
1649,A1100,A1127,5400.23,2025-10-15 22:23,ib_txn
1650,A1100,A1146,2772.94,2025-10-1 5:43,ib_txn
1651,A1191,A1168,3854.71,2025-10-26 14:45,ib_txn
1652,A1255,A1127,645.98,2025-10-5 3:16,ib_txn
1653,A1231,A1057,9192.59,2025-10-23 12:39,ib_txn
1654,A1255,A1286,9332.28,2025-11-6 0:10,ib_txn
1655,A1127,A1018,5806.99,2025-11-2 10:42,ib_txn
1656,A1018,A1127,9588.74,2025-11-4 20:55,ib_txn
1657,A1168,A1072,7814.69,2025-10-22 16:42,ib_txn
1658,A1286,A1261,5078.72,2025-10-17 2:27,ib_txn
1659,A1205,A1234,8101.53,2025-10-27 12:51,ib_txn
1660,A1191,A1205,3229.25,2025-10-26 12:27,ib_txn
1661,A1057,A1198,5027.28,2025-10-23 7:57,ib_txn
1662,A1191,A1198,9497.62,2025-10-13 18:10,ib_txn
1663,A1205,A1191,2464.4,2025-10-13 9:05,ib_txn
1664,A1146,A1189,7899.92,2025-10-8 2:51,ib_txn
1665,A1072,A1261,7760.32,2025-11-4 1:32,ib_txn
1666,A1146,A1161,5177.23,2025-11-6 10:00,ib_txn
1667,A1198,A1127,3162.53,2025-10-15 20:59,ib_txn
1668,A1100,A1127,8093.06,2025-10-31 19:41,ib_txn
1669,A1168,A1198,4843.36,2025-10-8 18:52,ib_txn
1670,A1161,A1261,612.29,2025-10-14 13:48,ib_txn
1671,A1018,A1161,3935.22,2025-10-17 6:48,ib_txn
1672,A1191,A1205,3059.38,2025-10-22 13:19,ib_txn
1673,A1072,A1229,2500.06,2025-10-24 13:17,ib_txn
1674,A1191,A1286,2208.95,2025-10-9 20:58,ib_txn
1675,A1205,A1018,7347.75,2025-10-16 20:13,ib_txn
1676,A1168,A1255,1885.52,2025-10-10 17:13,ib_txn
1677,A1198,A1229,5246.18,2025-11-3 19:26,ib_txn
1678,A1161,A1072,3350.32,2025-11-5 20:40,ib_txn
1679,A1168,A1018,7060.16,2025-10-4 7:50,ib_txn
1680,A1072,A1018,4773.62,2025-10-22 9:27,ib_txn
1681,A1146,A1057,5796.17,2025-10-17 12:31,ib_txn
1682,A1229,A1018,3835.36,2025-11-8 7:14,ib_txn
1683,A1234,A1057,2158.12,2025-10-19 12:55,ib_txn
1684,A1127,A1072,7860.07,2025-10-29 2:51,ib_txn
1685,A1231,A1286,6501.27,2025-10-10 6:06,ib_txn
1686,A1161,A1229,6497.1,2025-11-6 14:44,ib_txn
1687,A1195,A1198,3764.44,2025-10-21 11:32,ib_txn
1688,A1231,A1191,6251.16,2025-10-26 9:52,ib_txn
1689,A1146,A1127,9672.5,2025-10-27 6:05,ib_txn
1690,A1189,A1205,6789.21,2025-10-6 7:40,ib_txn
1691,A1168,A1018,1407.76,2025-10-31 19:58,ib_txn
1692,A1261,A1168,5477.84,2025-10-6 3:47,ib_txn
1693,A1189,A1195,6720.91,2025-10-25 11:15,ib_txn
1694,A1205,A1231,4710.02,2025-10-9 4:46,ib_txn
1695,A1198,A1261,833.97,2025-10-23 11:50,ib_txn
1696,A1286,A1057,9381.15,2025-11-5 16:11,ib_txn
1697,A1057,A1198,6112.89,2025-10-30 22:58,ib_txn
1698,A1234,A1229,5472.87,2025-11-4 11:16,ib_txn
1699,A1072,A1057,2657.72,2025-10-6 16:05,ib_txn
1700,A1146,A1229,2968.17,2025-10-20 0:23,ib_txn
1701,A1127,A1189,3766.91,2025-10-31 19:28,ib_txn
1702,A1072,A1234,3346.3,2025-10-28 10:39,ib_txn
1703,A1205,A1261,5708.02,2025-10-13 14:59,ib_txn
1704,A1229,A1168,2874.01,2025-10-25 13:46,ib_txn
1705,A1191,A1195,4511.27,2025-10-16 18:48,ib_txn
1706,A1191,A1231,6660.34,2025-11-4 9:47,ib_txn
1707,A1255,A1195,2232.87,2025-10-19 4:01,ib_txn
1708,A1286,A1234,3085.27,2025-11-1 6:50,ib_txn
1709,A1261,A1189,971.5,2025-11-4 0:48,ib_txn
1710,A1018,A1231,3057.35,2025-10-29 0:17,ib_txn
1711,A1195,A1189,639.89,2025-10-14 12:26,ib_txn
1712,A1231,A1072,9980.65,2025-10-30 1:09,ib_txn
1713,A1189,A1100,3031.78,2025-10-26 2:35,ib_txn
1714,A1072,A1198,2325.83,2025-10-17 13:53,ib_txn
1715,A1018,A1205,4155.58,2025-10-29 8:59,ib_txn
1716,A1100,A1255,4877.93,2025-10-7 18:58,ib_txn
1717,A1255,A1072,4196.67,2025-10-20 11:45,ib_txn
1718,A1100,A1057,5448.8,2025-10-17 17:31,ib_txn
1719,A1231,A1255,3924.05,2025-10-4 7:55,ib_txn
1720,A1205,A1229,3582.88,2025-10-11 10:03,ib_txn
1721,A1018,A1168,7996.87,2025-10-1 1:31,ib_txn
1722,A1072,A1189,4028.29,2025-10-6 9:03,ib_txn
1723,A1072,A1195,7016.47,2025-10-22 22:45,ib_txn
1724,A1100,A1146,6623.46,2025-11-4 3:54,ib_txn
1725,A1072,A1205,3509.03,2025-11-5 23:28,ib_txn
1726,A1286,A1255,702.85,2025-10-25 13:02,ib_txn
1727,A1189,A1191,9037.3,2025-11-1 15:55,ib_txn
1728,A1072,A1255,5883.67,2025-11-4 12:39,ib_txn
1729,A1286,A1191,8742.79,2025-11-8 20:11,ib_txn
1730,A1189,A1286,3308.89,2025-10-17 19:43,ib_txn
1731,A1286,A1261,7871.22,2025-11-2 13:48,ib_txn
1732,A1198,A1261,6387.48,2025-10-24 22:34,ib_txn
1733,A1161,A1195,6753.75,2025-11-4 14:06,ib_txn
1734,A1127,A1072,7774.47,2025-10-10 22:19,ib_txn
1735,A1161,A1229,6588.59,2025-10-8 3:30,ib_txn
1736,A1195,A1100,8434.34,2025-10-9 6:30,ib_txn
1737,A1072,A1255,1438.16,2025-11-6 23:21,ib_txn
1738,A1072,A1127,6427.72,2025-11-7 9:19,ib_txn
1739,A1146,A1205,6256.56,2025-10-5 0:28,ib_txn
1740,A1072,A1195,4946.56,2025-10-4 13:08,ib_txn
1741,A1229,A1146,8045.37,2025-10-4 22:27,ib_txn
1742,A1195,A1231,1240.39,2025-10-14 18:54,ib_txn
1743,A1018,A1205,5550.78,2025-10-13 7:01,ib_txn
1744,A1205,A1198,5805.02,2025-11-5 15:06,ib_txn
1745,A1018,A1146,6907.68,2025-10-28 3:47,ib_txn
1746,A1198,A1057,4314.79,2025-10-22 23:56,ib_txn
1747,A1057,A1286,9368.44,2025-10-21 20:01,ib_txn
1748,A1112,A1011,3440.42,2025-10-29 10:30,ib_txn
1749,A1150,A1044,9036.15,2025-10-13 0:07,ib_txn
1750,A1000,A1246,5227.46,2025-11-1 19:47,ib_txn
1751,A1223,A1246,2759.84,2025-11-7 17:19,ib_txn
1752,A1112,A1246,1254.35,2025-11-8 0:14,ib_txn
1753,A1091,A1011,6387.78,2025-11-5 7:33,ib_txn
1754,A1150,A1266,1023.11,2025-10-23 1:20,ib_txn
1755,A1000,A1040,5991.88,2025-11-8 10:51,ib_txn
1756,A1044,A1000,1534.43,2025-10-12 5:52,ib_txn
1757,A1011,A1223,6778.78,2025-11-8 20:50,ib_txn
1758,A1150,A1246,7618.68,2025-10-24 1:18,ib_txn
1759,A1011,A1065,4001.41,2025-10-25 2:27,ib_txn
1760,A1091,A1044,3281.91,2025-10-9 4:26,ib_txn
1761,A1011,A1065,5507,2025-11-3 7:38,ib_txn
1762,A1113,A1223,1052.75,2025-11-6 22:54,ib_txn
1763,A1044,A1246,7378.7,2025-11-8 10:27,ib_txn
1764,A1223,A1065,2966.77,2025-11-6 22:41,ib_txn
1765,A1150,A1223,5845.03,2025-11-3 23:00,ib_txn
1766,A1246,A1150,8894.8,2025-10-15 10:34,ib_txn
1767,A1000,A1246,6441.88,2025-10-8 7:32,ib_txn
1768,A1112,A1266,932.18,2025-10-23 20:24,ib_txn
1769,A1113,A1000,6585.87,2025-10-19 9:15,ib_txn
1770,A1011,A1266,5313.55,2025-10-21 0:13,ib_txn
1771,A1040,A1065,3742.94,2025-11-6 22:25,ib_txn
1772,A1150,A1113,3639.89,2025-10-22 17:26,ib_txn
1773,A1000,A1040,1789.66,2025-10-10 22:50,ib_txn
1774,A1091,A1065,4893.47,2025-10-27 2:02,ib_txn
1775,A1011,A1223,7387.16,2025-10-21 20:12,ib_txn
1776,A1000,A1113,5985.28,2025-10-22 12:52,ib_txn
1777,A1150,A1011,8487.02,2025-10-22 13:39,ib_txn
1778,A1150,A1223,6254.05,2025-10-12 21:40,ib_txn
1779,A1011,A1065,7243.48,2025-10-18 15:04,ib_txn
1780,A1246,A1113,4030.04,2025-10-20 7:52,ib_txn
1781,A1011,A1150,1566.2,2025-10-3 7:21,ib_txn
1782,A1246,A1091,736.88,2025-10-31 18:12,ib_txn
1783,A1113,A1065,9274.55,2025-11-3 11:17,ib_txn
1784,A1044,A1091,6928.81,2025-10-9 7:28,ib_txn
1785,A1000,A1246,4182.09,2025-11-3 4:13,ib_txn
1786,A1011,A1000,7027,2025-11-8 3:10,ib_txn
1787,A1246,A1000,1479.48,2025-10-20 0:49,ib_txn
1788,A1011,A1040,8975.29,2025-10-21 7:18,ib_txn
1789,A1091,A1065,7841.48,2025-10-8 9:55,ib_txn
1790,A1150,A1011,1587.37,2025-11-5 18:42,ib_txn
1791,A1113,A1091,3828.02,2025-10-21 9:52,ib_txn
1792,A1266,A1011,5953.79,2025-10-11 2:35,ib_txn
1793,A1223,A1065,5635.48,2025-10-4 4:44,ib_txn
1794,A1246,A1040,979.33,2025-10-25 1:57,ib_txn
1795,A1112,A1266,2200.34,2025-11-8 21:34,ib_txn
1796,A1266,A1246,6355,2025-10-20 12:05,ib_txn
1797,A1266,A1040,8188.35,2025-10-6 16:57,ib_txn
1798,A1266,A1246,1424,2025-10-20 23:27,ib_txn
1799,A1246,A1266,2701.1,2025-10-15 5:13,ib_txn
1800,A1011,A1065,4224.73,2025-10-22 11:49,ib_txn
1801,A1246,A1000,1120.97,2025-10-8 12:47,ib_txn
1802,A1246,A1150,3181.45,2025-10-23 22:00,ib_txn
1803,A1150,A1091,1477.86,2025-10-7 11:51,ib_txn
1804,A1040,A1044,8028.09,2025-11-4 16:47,ib_txn
1805,A1113,A1223,2815.07,2025-10-11 17:33,ib_txn
1806,A1044,A1065,2478.26,2025-11-7 15:41,ib_txn
1807,A1223,A1065,5673.01,2025-10-16 6:18,ib_txn
1808,A1040,A1044,7523.99,2025-11-6 17:43,ib_txn
1809,A1223,A1266,4897.63,2025-11-5 3:33,ib_txn
1810,A1150,A1011,9580.89,2025-10-5 21:46,ib_txn
1811,A1223,A1112,3610.38,2025-10-4 3:17,ib_txn
1812,A1150,A1223,9080.93,2025-10-1 5:20,ib_txn
1813,A1091,A1011,4204.84,2025-11-6 16:16,ib_txn
1814,A1113,A1040,8835.54,2025-10-20 20:45,ib_txn
1815,A1112,A1065,9907.75,2025-11-7 0:17,ib_txn
1816,A1112,A1150,8598.8,2025-10-4 13:26,ib_txn
1817,A1000,A1091,8297.16,2025-10-23 3:59,ib_txn
1818,A1113,A1112,7171.11,2025-10-26 22:45,ib_txn
1819,A1266,A1112,4357.31,2025-10-28 19:50,ib_txn
1820,A1040,A1150,5011.28,2025-10-13 20:13,ib_txn
1821,A1065,A1112,1965.54,2025-10-9 4:53,ib_txn
1822,A1044,A1040,649.22,2025-11-1 23:57,ib_txn
1823,A1150,A1044,1803.59,2025-10-27 16:36,ib_txn
1824,A1223,A1112,6420.86,2025-10-30 18:32,ib_txn
1825,A1091,A1246,4154.79,2025-10-15 6:45,ib_txn
1826,A1223,A1000,5990.42,2025-10-16 18:16,ib_txn
1827,A1112,A1091,5975.35,2025-10-3 1:22,ib_txn
1828,A1246,A1065,1575.06,2025-10-31 2:54,ib_txn
1829,A1266,A1091,9844,2025-10-18 16:55,ib_txn
1830,A1223,A1044,2829.7,2025-10-5 23:04,ib_txn
1831,A1223,A1011,6323.87,2025-10-22 19:28,ib_txn
1832,A1246,A1266,5370.3,2025-10-31 20:53,ib_txn
1833,A1065,A1112,3852.69,2025-10-19 10:31,ib_txn
1834,A1000,A1223,7619.54,2025-11-6 9:28,ib_txn
1835,A1040,A1246,5992.34,2025-11-6 1:52,ib_txn
1836,A1011,A1223,759.33,2025-11-1 3:00,ib_txn
1837,A1091,A1044,8588.73,2025-10-18 9:10,ib_txn
1838,A1011,A1266,634.93,2025-10-8 21:59,ib_txn
1839,A1223,A1150,6761.98,2025-10-24 6:23,ib_txn
1840,A1266,A1113,5106.73,2025-11-3 1:12,ib_txn
1841,A1044,A1150,6157.67,2025-10-10 18:03,ib_txn
1842,A1112,A1113,6776.34,2025-10-11 7:40,ib_txn
1843,A1266,A1065,1016.09,2025-10-17 4:13,ib_txn
1844,A1150,A1246,4288.08,2025-10-20 17:20,ib_txn
1845,A1091,A1113,4108.11,2025-10-25 17:16,ib_txn
1846,A1150,A1091,8767.64,2025-10-1 10:30,ib_txn
1847,A1065,A1091,6987.32,2025-10-3 3:32,ib_txn
1848,A1040,A1065,9583.74,2025-10-28 22:13,ib_txn
1849,A1065,A1011,3037.33,2025-10-7 9:17,ib_txn
1850,A1223,A1112,4880.53,2025-10-16 21:26,ib_txn
1851,A1091,A1065,6938.32,2025-10-12 11:24,ib_txn
1852,A1000,A1040,580.52,2025-10-5 0:26,ib_txn
1853,A1044,A1091,1487.12,2025-10-29 12:47,ib_txn
1854,A1266,A1011,2893.01,2025-10-3 0:51,ib_txn
1855,A1044,A1000,9415.8,2025-10-14 21:49,ib_txn
1856,A1044,A1266,8636.19,2025-10-9 13:41,ib_txn
1857,A1040,A1223,8130.4,2025-10-12 4:02,ib_txn
1858,A1011,A1246,6774.54,2025-10-5 23:15,ib_txn
1859,A1011,A1112,7076.1,2025-10-21 9:22,ib_txn
1860,A1044,A1011,7882.51,2025-10-25 14:08,ib_txn
1861,A1000,A1011,9578.25,2025-10-17 6:28,ib_txn
1862,A1113,A1223,4230.03,2025-11-1 3:56,ib_txn
1863,A1091,A1112,2574.67,2025-10-7 16:04,ib_txn
1864,A1011,A1044,831.18,2025-10-5 20:48,ib_txn
1865,A1011,A1246,678.27,2025-11-1 5:25,ib_txn
1866,A1040,A1000,9362.49,2025-10-25 9:42,ib_txn
1867,A1112,A1223,535.19,2025-11-1 17:24,ib_txn
1868,A1112,A1044,5631.22,2025-10-1 13:59,ib_txn
1869,A1246,A1044,5888.82,2025-10-23 12:08,ib_txn
1870,A1011,A1112,1024.35,2025-10-6 13:18,ib_txn
1871,A1065,A1044,8491.23,2025-10-19 23:35,ib_txn
1872,A1000,A1112,6776.97,2025-10-20 14:12,ib_txn
1873,A1040,A1065,5121.78,2025-10-29 6:53,ib_txn
1874,A1000,A1113,740.96,2025-11-7 8:40,ib_txn
1875,A1112,A1044,8031.02,2025-10-20 18:11,ib_txn
1876,A1246,A1000,851.91,2025-10-4 12:17,ib_txn
1877,A1000,A1112,1622.78,2025-11-3 16:41,ib_txn
1878,A1091,A1150,7539.99,2025-10-15 2:37,ib_txn
1879,A1266,A1150,5144.5,2025-10-2 17:09,ib_txn
1880,A1000,A1113,7162.32,2025-10-9 0:31,ib_txn
1881,A1040,A1000,9094.29,2025-10-7 16:36,ib_txn
1882,A1223,A1044,8269.1,2025-10-7 4:09,ib_txn
1883,A1223,A1113,1099.55,2025-10-13 15:31,ib_txn
1884,A1266,A1040,4319.08,2025-10-8 20:58,ib_txn
1885,A1150,A1065,8446.06,2025-10-14 1:39,ib_txn
1886,A1044,A1266,3101.99,2025-10-27 6:07,ib_txn
1887,A1065,A1091,2067.56,2025-10-16 21:11,ib_txn
1888,A1150,A1044,8015,2025-10-25 5:44,ib_txn
1889,A1044,A1000,568.63,2025-10-6 23:43,ib_txn
1890,A1011,A1112,7088.28,2025-10-31 4:37,ib_txn
1891,A1150,A1040,3074.02,2025-10-29 15:00,ib_txn
1892,A1150,A1223,7070.9,2025-11-8 6:33,ib_txn
1893,A1246,A1223,9527.83,2025-10-20 12:39,ib_txn
1894,A1113,A1266,1616.32,2025-11-3 3:29,ib_txn
1895,A1065,A1091,5321.64,2025-10-30 22:48,ib_txn
1896,A1113,A1011,1004.16,2025-10-8 5:25,ib_txn
1897,A1246,A1266,2175.08,2025-10-3 1:58,ib_txn
1898,A1065,A1011,2491.1,2025-10-17 12:10,ib_txn
1899,A1246,A1000,1492,2025-10-4 19:33,ib_txn
1900,A1150,A1000,5108.08,2025-10-8 2:34,ib_txn
1901,A1266,A1246,6130.71,2025-10-21 15:15,ib_txn
1902,A1266,A1040,9034.54,2025-10-15 4:00,ib_txn
1903,A1113,A1112,8763.92,2025-10-25 8:02,ib_txn
1904,A1246,A1000,8959.64,2025-10-10 7:52,ib_txn
1905,A1112,A1065,1795.84,2025-10-13 23:00,ib_txn
1906,A1011,A1113,3690.97,2025-10-3 20:42,ib_txn
1907,A1011,A1150,1555.54,2025-10-30 16:41,ib_txn
1908,A1150,A1065,2588.61,2025-10-19 21:58,ib_txn
1909,A1040,A1223,9102.99,2025-11-6 20:07,ib_txn
1910,A1091,A1246,8690.89,2025-10-14 21:32,ib_txn
1911,A1011,A1000,7435.17,2025-10-16 9:01,ib_txn
1912,A1112,A1223,2612.86,2025-11-7 5:25,ib_txn
1913,A1000,A1112,9811.75,2025-10-3 17:08,ib_txn
1914,A1000,A1112,5545.66,2025-10-31 3:34,ib_txn
1915,A1246,A1113,1289.37,2025-10-1 14:48,ib_txn
1916,A1150,A1065,3310.01,2025-10-6 0:34,ib_txn
1917,A1040,A1011,2037.13,2025-10-30 20:46,ib_txn
1918,A1223,A1000,9776,2025-10-30 5:02,ib_txn
1919,A1065,A1040,4910.81,2025-10-1 22:50,ib_txn
1920,A1112,A1065,5543.74,2025-10-19 15:30,ib_txn
1921,A1266,A1223,5653.13,2025-10-14 2:56,ib_txn
1922,A1065,A1000,5390,2025-10-24 1:52,ib_txn
1923,A1112,A1065,4920.85,2025-10-3 13:18,ib_txn
1924,A1150,A1040,5808.51,2025-10-5 20:24,ib_txn
1925,A1113,A1150,9821.89,2025-10-16 19:38,ib_txn
1926,A1266,A1223,8775.75,2025-10-14 8:12,ib_txn
1927,A1011,A1091,6962.15,2025-10-18 1:58,ib_txn
1928,A1065,A1266,4797.9,2025-11-2 19:10,ib_txn
1929,A1246,A1091,6943.93,2025-11-4 10:38,ib_txn
1930,A1223,A1065,8099.09,2025-10-5 6:51,ib_txn
1931,A1112,A1150,3239.54,2025-10-5 3:58,ib_txn
1932,A1011,A1044,7122.28,2025-11-1 5:28,ib_txn
1933,A1091,A1040,715.56,2025-10-27 19:42,ib_txn
1934,A1246,A1065,4491.23,2025-10-2 10:36,ib_txn
1935,A1044,A1000,8782.04,2025-10-15 18:55,ib_txn
1936,A1223,A1065,6729.72,2025-10-21 17:42,ib_txn
1937,A1040,A1091,8498.12,2025-10-29 16:40,ib_txn
1938,A1011,A1150,7998.04,2025-10-15 17:37,ib_txn
1939,A1011,A1000,1909.21,2025-10-19 16:35,ib_txn
1940,A1223,A1150,7262.22,2025-10-19 6:38,ib_txn
1941,A1266,A1040,8047.34,2025-10-11 8:39,ib_txn
1942,A1065,A1223,1701.5,2025-10-17 13:27,ib_txn
1943,A1113,A1091,7217.78,2025-10-21 12:31,ib_txn
1944,A1065,A1246,5628.73,2025-10-11 19:25,ib_txn
1945,A1044,A1000,4343.34,2025-11-1 5:17,ib_txn
1946,A1065,A1150,540.8,2025-11-4 18:28,ib_txn
1947,A1040,A1011,5002.15,2025-10-19 20:53,ib_txn
1948,A1150,A1223,7421.17,2025-10-29 12:19,ib_txn
1949,A1044,A1246,9051.66,2025-10-9 20:03,ib_txn
1950,A1112,A1223,8488.33,2025-10-29 13:00,ib_txn
1951,A1223,A1040,2353.92,2025-11-3 8:05,ib_txn
1952,A1113,A1000,1294.1,2025-10-29 3:10,ib_txn
1953,A1112,A1113,5159.42,2025-11-8 22:01,ib_txn
1954,A1000,A1040,3930.12,2025-10-10 15:34,ib_txn
1955,A1112,A1065,615.81,2025-10-23 12:47,ib_txn
1956,A1246,A1091,1332.19,2025-10-29 15:07,ib_txn
1957,A1011,A1150,8153.89,2025-10-28 15:04,ib_txn
1958,A1223,A1044,1864.57,2025-10-20 17:16,ib_txn
1959,A1065,A1044,9364.95,2025-11-7 13:40,ib_txn
1960,A1040,A1011,4437.88,2025-11-5 16:49,ib_txn
1961,A1223,A1150,2392.95,2025-10-25 10:32,ib_txn
1962,A1246,A1000,8316.59,2025-10-20 21:18,ib_txn
1963,A1266,A1246,2632.94,2025-10-1 5:36,ib_txn
1964,A1011,A1040,8425.31,2025-10-31 4:31,ib_txn
1965,A1011,A1112,2204.04,2025-10-16 1:02,ib_txn
1966,A1011,A1246,9946.16,2025-10-5 21:48,ib_txn
1967,A1246,A1223,4642.65,2025-10-17 22:51,ib_txn
1968,A1246,A1044,4045.42,2025-11-6 0:38,ib_txn
1969,A1150,A1223,1055.85,2025-10-21 16:47,ib_txn
1970,A1150,A1065,2051.43,2025-10-18 13:08,ib_txn
1971,A1040,A1065,962.79,2025-10-19 19:16,ib_txn
1972,A1044,A1091,2341.24,2025-10-12 3:26,ib_txn
1973,A1150,A1091,3564.77,2025-10-21 10:57,ib_txn
1974,A1047,A1293,8731.22,2025-11-1 17:09,ib_txn
1975,A1134,A1063,8829.23,2025-10-7 5:50,ib_txn
1976,A1243,A1260,4498.27,2025-11-5 11:53,ib_txn
1977,A1247,A1047,6593.04,2025-10-12 22:56,ib_txn
1978,A1202,A1247,4306.29,2025-10-20 11:25,ib_txn
1979,A1243,A1251,1999.31,2025-11-3 23:38,ib_txn
1980,A1063,A1134,4789.15,2025-10-9 9:29,ib_txn
1981,A1053,A1134,8095.52,2025-10-13 3:04,ib_txn
1982,A1257,A1053,9475.19,2025-11-6 8:10,ib_txn
1983,A1028,A1192,9115.03,2025-10-30 7:13,ib_txn
1984,A1258,A1047,4309.83,2025-10-28 21:51,ib_txn
1985,A1202,A1243,9601.31,2025-10-11 20:39,ib_txn
1986,A1282,A1063,7846.91,2025-10-30 17:59,ib_txn
1987,A1192,A1190,2310.17,2025-10-18 10:29,ib_txn
1988,A1033,A1257,1736.89,2025-10-14 21:50,ib_txn
1989,A1055,A1190,4474.14,2025-10-27 5:18,ib_txn
1990,A1055,A1293,2737.11,2025-10-29 9:02,ib_txn
1991,A1053,A1211,1314.52,2025-10-31 4:50,ib_txn
1992,A1257,A1190,7276.69,2025-10-28 21:44,ib_txn
1993,A1243,A1251,5791.5,2025-10-4 12:07,ib_txn
1994,A1033,A1260,9969.02,2025-11-8 1:39,ib_txn
1995,A1257,A1055,9786.48,2025-10-24 4:48,ib_txn
1996,A1258,A1293,2113.73,2025-11-1 12:20,ib_txn
1997,A1202,A1243,3514.52,2025-11-3 15:45,ib_txn
1998,A1293,A1251,3476.06,2025-10-9 18:10,ib_txn
1999,A1260,A1063,3187.79,2025-10-17 22:18,ib_txn
2000,A1282,A1134,4639.87,2025-10-11 11:29,ib_txn
2001,A1033,A1202,5778.91,2025-10-29 1:56,ib_txn
2002,A1202,A1047,2683.68,2025-10-3 17:07,ib_txn
2003,A1258,A1211,4646.08,2025-11-1 1:29,ib_txn
2004,A1260,A1028,5109.4,2025-11-1 4:05,ib_txn
2005,A1202,A1251,3821.24,2025-10-14 10:20,ib_txn
2006,A1258,A1282,8314.43,2025-11-6 21:19,ib_txn
2007,A1247,A1282,7785.05,2025-10-12 15:09,ib_txn
2008,A1192,A1033,6930.63,2025-10-22 0:56,ib_txn
2009,A1251,A1257,4048.8,2025-10-7 11:46,ib_txn
2010,A1247,A1243,4872.22,2025-10-31 16:31,ib_txn
2011,A1293,A1247,3629.56,2025-10-3 23:53,ib_txn
2012,A1211,A1134,9500.47,2025-11-6 4:42,ib_txn
2013,A1055,A1134,8082.4,2025-10-5 19:55,ib_txn
2014,A1257,A1293,2191.1,2025-10-26 3:14,ib_txn
2015,A1190,A1258,4190.78,2025-10-26 10:22,ib_txn
2016,A1202,A1251,3336.19,2025-10-28 11:17,ib_txn
2017,A1202,A1260,6822.44,2025-10-24 18:39,ib_txn
2018,A1033,A1211,8911.42,2025-10-31 9:46,ib_txn
2019,A1243,A1063,8204.45,2025-10-12 15:48,ib_txn
2020,A1047,A1282,3746.58,2025-10-30 8:09,ib_txn
2021,A1202,A1033,5509.15,2025-11-3 3:03,ib_txn
2022,A1211,A1063,1252.24,2025-10-31 10:56,ib_txn
2023,A1202,A1055,8494.61,2025-11-3 15:34,ib_txn
2024,A1028,A1243,9214.37,2025-11-2 3:55,ib_txn
2025,A1251,A1211,6778.12,2025-11-6 9:13,ib_txn
2026,A1293,A1243,7802.14,2025-10-2 4:08,ib_txn
2027,A1211,A1258,7968.68,2025-10-26 1:38,ib_txn
2028,A1063,A1055,3482.49,2025-10-30 16:22,ib_txn
2029,A1293,A1134,9683.84,2025-10-12 7:41,ib_txn
2030,A1293,A1251,4621.09,2025-10-2 0:12,ib_txn
2031,A1251,A1247,2131.49,2025-10-31 16:45,ib_txn
2032,A1257,A1033,3376.6,2025-10-24 14:22,ib_txn
2033,A1243,A1202,1783.58,2025-10-13 4:04,ib_txn
2034,A1190,A1247,2487.68,2025-10-10 23:39,ib_txn
2035,A1063,A1028,2313.69,2025-10-20 16:52,ib_txn
2036,A1033,A1063,707.26,2025-10-11 5:32,ib_txn
2037,A1211,A1033,4979.15,2025-10-29 21:18,ib_txn
2038,A1190,A1055,5909.59,2025-10-26 1:51,ib_txn
2039,A1247,A1251,6488.89,2025-10-28 15:08,ib_txn
2040,A1053,A1028,9990.75,2025-10-3 17:44,ib_txn
2041,A1053,A1033,2703.1,2025-10-4 19:14,ib_txn
2042,A1063,A1134,5755.93,2025-10-18 23:36,ib_txn
2043,A1033,A1251,5200.49,2025-10-23 16:19,ib_txn
2044,A1063,A1247,2032.67,2025-10-13 17:05,ib_txn
2045,A1211,A1192,5322.54,2025-11-7 12:20,ib_txn
2046,A1211,A1202,8890.15,2025-10-25 15:10,ib_txn
2047,A1260,A1033,8097.67,2025-10-11 22:38,ib_txn
2048,A1243,A1033,1726.42,2025-10-13 5:41,ib_txn
2049,A1033,A1251,8038.08,2025-11-1 11:03,ib_txn
2050,A1047,A1247,3908.47,2025-10-17 12:59,ib_txn
2051,A1258,A1053,8365.51,2025-11-2 1:09,ib_txn
2052,A1251,A1192,1646.54,2025-10-15 17:42,ib_txn
2053,A1134,A1260,7809.05,2025-11-5 9:44,ib_txn
2054,A1282,A1251,7210.85,2025-10-29 16:38,ib_txn
2055,A1251,A1053,8324.3,2025-10-3 18:28,ib_txn
2056,A1251,A1190,9154.36,2025-10-11 10:38,ib_txn
2057,A1282,A1033,7459.24,2025-10-7 5:37,ib_txn
2058,A1260,A1134,8282.03,2025-10-8 7:21,ib_txn
2059,A1247,A1192,8430.73,2025-10-31 12:25,ib_txn
2060,A1243,A1293,4038.15,2025-10-27 13:07,ib_txn
2061,A1192,A1202,7655.46,2025-11-3 15:21,ib_txn
2062,A1202,A1063,4427.39,2025-10-27 16:42,ib_txn
2063,A1260,A1247,4704.5,2025-10-1 18:50,ib_txn
2064,A1243,A1134,3490.64,2025-10-11 15:48,ib_txn
2065,A1257,A1047,6771.67,2025-10-10 20:55,ib_txn
2066,A1282,A1055,4483.4,2025-11-5 11:04,ib_txn
2067,A1134,A1260,575.07,2025-10-18 19:12,ib_txn
2068,A1202,A1257,4738.8,2025-10-14 19:49,ib_txn
2069,A1211,A1260,8932.91,2025-10-26 7:10,ib_txn
2070,A1028,A1134,4204.94,2025-10-9 18:56,ib_txn
2071,A1055,A1190,1381.79,2025-11-5 11:22,ib_txn
2072,A1134,A1258,722.51,2025-11-4 21:34,ib_txn
2073,A1192,A1055,7401.84,2025-11-2 4:01,ib_txn
2074,A1047,A1260,2967.69,2025-11-2 12:54,ib_txn
2075,A1047,A1251,4763,2025-11-6 0:11,ib_txn
2076,A1134,A1192,8151.18,2025-11-7 20:35,ib_txn
2077,A1028,A1192,3828.2,2025-10-19 20:51,ib_txn
2078,A1202,A1257,5436.83,2025-10-16 3:49,ib_txn
2079,A1282,A1190,8317.01,2025-10-24 16:32,ib_txn
2080,A1063,A1053,1278.5,2025-10-4 15:28,ib_txn
2081,A1033,A1190,4738.56,2025-10-24 19:09,ib_txn
2082,A1053,A1028,5429.98,2025-10-26 9:36,ib_txn
2083,A1033,A1063,9966.86,2025-11-1 15:10,ib_txn
2084,A1202,A1033,7255.93,2025-10-9 18:41,ib_txn
2085,A1251,A1190,4826.61,2025-10-3 5:42,ib_txn
2086,A1260,A1251,6215.2,2025-10-27 4:01,ib_txn
2087,A1260,A1055,882.68,2025-10-10 4:17,ib_txn
2088,A1055,A1260,3380.97,2025-11-1 1:01,ib_txn
2089,A1202,A1063,962.18,2025-10-20 10:19,ib_txn
2090,A1258,A1033,519.81,2025-11-5 12:41,ib_txn
2091,A1047,A1063,5071.18,2025-10-20 20:35,ib_txn
2092,A1134,A1257,5014.66,2025-11-8 4:50,ib_txn
2093,A1282,A1211,7735.95,2025-10-29 5:25,ib_txn
2094,A1134,A1243,8098.21,2025-10-27 14:05,ib_txn
2095,A1134,A1028,935.29,2025-10-29 10:05,ib_txn
2096,A1243,A1258,7218.48,2025-11-6 22:56,ib_txn
2097,A1055,A1028,6629.02,2025-11-5 3:06,ib_txn
2098,A1028,A1047,9594.28,2025-11-3 6:53,ib_txn
2099,A1247,A1251,6753.42,2025-11-4 6:32,ib_txn
2100,A1293,A1190,2830.22,2025-11-7 16:10,ib_txn
2101,A1028,A1134,4317.08,2025-10-3 17:53,ib_txn
2102,A1134,A1063,2214.83,2025-10-2 19:13,ib_txn
2103,A1257,A1293,1364.74,2025-10-7 19:43,ib_txn
2104,A1055,A1202,2235.35,2025-10-6 5:36,ib_txn
2105,A1063,A1258,1059.68,2025-10-21 6:36,ib_txn
2106,A1047,A1055,4204.43,2025-10-21 5:11,ib_txn
2107,A1134,A1293,4067.38,2025-10-8 1:53,ib_txn
2108,A1192,A1053,5183.3,2025-11-2 14:01,ib_txn
2109,A1293,A1047,3524.2,2025-11-5 14:49,ib_txn
2110,A1033,A1247,4371.19,2025-10-15 0:40,ib_txn
2111,A1028,A1251,2840,2025-11-5 23:43,ib_txn
2112,A1055,A1063,4736.83,2025-11-2 7:24,ib_txn
2113,A1260,A1028,9860.43,2025-10-16 19:34,ib_txn
2114,A1028,A1211,897.02,2025-10-30 22:36,ib_txn
2115,A1258,A1247,1071.66,2025-10-31 9:57,ib_txn
2116,A1293,A1257,9992.8,2025-10-14 21:18,ib_txn
2117,A1258,A1028,5849.27,2025-10-20 3:15,ib_txn
2118,A1251,A1202,7388.2,2025-10-18 15:43,ib_txn
2119,A1282,A1134,8897.35,2025-10-22 23:07,ib_txn
2120,A1211,A1293,2836.32,2025-10-21 12:26,ib_txn
2121,A1211,A1134,650.81,2025-10-9 23:32,ib_txn
2122,A1033,A1247,9063.73,2025-10-12 15:02,ib_txn
2123,A1033,A1257,5612.25,2025-10-5 19:36,ib_txn
2124,A1211,A1251,3853.45,2025-10-25 21:53,ib_txn
2125,A1257,A1258,8471.89,2025-10-1 4:32,ib_txn
2126,A1190,A1211,588.95,2025-10-2 10:14,ib_txn
2127,A1260,A1190,1354.68,2025-10-20 8:03,ib_txn
2128,A1033,A1260,849.56,2025-11-1 22:03,ib_txn
2129,A1247,A1190,9850.5,2025-10-26 4:02,ib_txn
2130,A1033,A1258,5741.96,2025-11-6 21:57,ib_txn
2131,A1258,A1243,6087.56,2025-10-5 4:38,ib_txn
2132,A1053,A1192,8869.53,2025-10-18 6:59,ib_txn
2133,A1028,A1293,6966.46,2025-10-30 0:04,ib_txn
2134,A1047,A1134,4609.21,2025-10-27 9:58,ib_txn
2135,A1282,A1211,5207.96,2025-11-3 1:34,ib_txn
2136,A1192,A1047,3140.36,2025-10-27 19:23,ib_txn
2137,A1134,A1247,4222.66,2025-10-22 2:58,ib_txn
2138,A1247,A1192,9791.91,2025-10-28 2:42,ib_txn
2139,A1134,A1055,1097.02,2025-10-7 1:00,ib_txn
2140,A1063,A1247,6129.04,2025-10-22 9:07,ib_txn
2141,A1251,A1033,2764.41,2025-10-22 1:58,ib_txn
2142,A1282,A1192,9463.7,2025-11-8 22:33,ib_txn
2143,A1211,A1251,1312.58,2025-10-4 1:12,ib_txn
2144,A1134,A1243,7935.14,2025-10-4 16:05,ib_txn
2145,A1055,A1063,1125.01,2025-10-4 20:21,ib_txn
2146,A1055,A1257,4315.99,2025-10-27 8:29,ib_txn
2147,A1247,A1211,4147.24,2025-10-28 22:34,ib_txn
2148,A1251,A1134,6683.75,2025-10-2 16:31,ib_txn
2149,A1134,A1190,1526.06,2025-10-1 21:40,ib_txn
2150,A1243,A1190,9091.51,2025-10-9 23:12,ib_txn
2151,A1063,A1033,7383.92,2025-10-29 6:46,ib_txn
2152,A1202,A1047,1074.67,2025-10-20 21:16,ib_txn
2153,A1282,A1260,3456.29,2025-11-4 5:18,ib_txn
2154,A1033,A1055,6231.63,2025-10-19 13:25,ib_txn
2155,A1282,A1202,1044.52,2025-11-2 20:22,ib_txn
2156,A1063,A1260,2356.37,2025-10-13 23:19,ib_txn
2157,A1243,A1134,2298.88,2025-10-31 17:01,ib_txn
2158,A1134,A1053,6352.98,2025-10-27 11:57,ib_txn
2159,A1251,A1211,8823,2025-10-3 18:03,ib_txn
2160,A1192,A1053,4932.1,2025-10-14 8:42,ib_txn
2161,A1134,A1257,2450.51,2025-10-12 0:14,ib_txn
2162,A1247,A1243,3899.92,2025-11-5 4:11,ib_txn
2163,A1055,A1211,2346.83,2025-11-7 13:06,ib_txn
2164,A1247,A1190,2379.34,2025-10-12 7:58,ib_txn
2165,A1258,A1134,8551.57,2025-10-16 6:30,ib_txn
2166,A1293,A1251,699.44,2025-10-9 13:47,ib_txn
2167,A1251,A1134,9393.08,2025-10-20 16:36,ib_txn
2168,A1260,A1258,9441.04,2025-10-28 2:22,ib_txn
2169,A1202,A1190,2320.97,2025-10-25 13:37,ib_txn
2170,A1063,A1192,9249.63,2025-11-7 6:53,ib_txn
2171,A1202,A1134,2848.13,2025-10-18 4:36,ib_txn
2172,A1053,A1033,2487.76,2025-10-6 17:08,ib_txn
2173,A1243,A1258,5331.83,2025-11-2 13:37,ib_txn
2174,A1282,A1211,2200.49,2025-10-24 19:07,ib_txn
2175,A1033,A1053,5000.7,2025-11-7 14:35,ib_txn
2176,A1053,A1047,2468.4,2025-10-13 16:27,ib_txn
2177,A1257,A1190,3406.99,2025-10-25 20:48,ib_txn
2178,A1260,A1293,5730.24,2025-10-9 3:03,ib_txn
2179,A1211,A1282,3839.96,2025-11-7 1:29,ib_txn
2180,A1282,A1134,4547.97,2025-10-30 15:44,ib_txn
2181,A1260,A1033,3511.69,2025-10-25 0:53,ib_txn
2182,A1211,A1192,3023.44,2025-10-5 13:04,ib_txn
2183,A1055,A1282,5371.51,2025-10-6 10:03,ib_txn
2184,A1251,A1053,1177.81,2025-10-3 19:52,ib_txn
2185,A1134,A1190,6913.52,2025-10-17 11:01,ib_txn
2186,A1293,A1190,7203.61,2025-10-9 19:46,ib_txn
2187,A1247,A1055,3177.53,2025-10-23 14:42,ib_txn
2188,A1053,A1247,4984.04,2025-11-2 5:26,ib_txn
2189,A1192,A1053,7371.69,2025-10-14 17:16,ib_txn
2190,A1282,A1028,7697.4,2025-10-30 12:24,ib_txn
2191,A1134,A1190,4573.53,2025-10-27 7:37,ib_txn
2192,A1211,A1028,785.99,2025-10-9 21:01,ib_txn
2193,A1055,A1247,5248.1,2025-10-23 12:22,ib_txn
2194,A1063,A1053,7014.75,2025-10-26 19:34,ib_txn
2195,A1134,A1247,5891.99,2025-10-3 5:03,ib_txn
2196,A1134,A1257,9811.64,2025-10-14 14:13,ib_txn
2197,A1190,A1033,1532.06,2025-11-6 16:26,ib_txn
2198,A1055,A1243,2128.52,2025-11-5 6:28,ib_txn
2199,A1033,A1247,2273.57,2025-10-5 14:02,ib_txn
2200,A1190,A1192,3265.5,2025-11-3 2:32,ib_txn
2201,A1047,A1260,5426.05,2025-10-11 11:53,ib_txn
2202,A1257,A1258,9901.15,2025-10-9 19:31,ib_txn
2203,A1243,A1257,9573.42,2025-10-14 4:43,ib_txn
2204,A1033,A1258,6235.24,2025-10-20 21:23,ib_txn
2205,A1282,A1211,3116.69,2025-10-1 5:11,ib_txn
2206,A1243,A1257,6246.06,2025-10-16 19:08,ib_txn
2207,A1053,A1033,4871.94,2025-11-6 1:25,ib_txn
2208,A1243,A1055,6639.84,2025-10-30 12:37,ib_txn
2209,A1055,A1257,6323.76,2025-10-12 15:06,ib_txn
2210,A1258,A1063,4849.37,2025-10-12 20:42,ib_txn
2211,A1257,A1047,2777.1,2025-10-11 9:58,ib_txn
2212,A1028,A1055,6833.24,2025-10-5 7:54,ib_txn
2213,A1063,A1028,1651.69,2025-10-24 2:47,ib_txn
2214,A1282,A1134,4395.91,2025-10-11 9:12,ib_txn
2215,A1282,A1047,4890.59,2025-10-5 23:15,ib_txn
2216,A1211,A1257,3764.75,2025-10-26 7:04,ib_txn
2217,A1047,A1247,2880.75,2025-10-9 11:54,ib_txn
2218,A1211,A1033,4882.89,2025-10-6 19:58,ib_txn
2219,A1192,A1211,1832.43,2025-10-18 5:52,ib_txn
2220,A1247,A1251,2183.75,2025-10-8 19:27,ib_txn
2221,A1257,A1258,1237.06,2025-10-1 9:56,ib_txn
2222,A1211,A1260,2190.43,2025-10-3 19:22,ib_txn
2223,A1211,A1047,8446.76,2025-11-3 23:20,ib_txn
2224,A1251,A1257,7058.29,2025-10-29 1:54,ib_txn
2225,A1247,A1047,7837.89,2025-10-13 9:05,ib_txn
2226,A1192,A1190,1368.17,2025-10-27 1:01,ib_txn
2227,A1134,A1190,6959.62,2025-10-5 8:01,ib_txn
2228,A1258,A1053,918.12,2025-11-2 3:55,ib_txn
2229,A1134,A1028,6454.47,2025-10-14 19:43,ib_txn
2230,A1063,A1251,2707.88,2025-10-7 12:58,ib_txn
2231,A1258,A1247,4320.33,2025-10-21 0:26,ib_txn
2232,A1190,A1211,2590.91,2025-10-18 23:39,ib_txn
2233,A1260,A1047,1139.65,2025-10-14 14:58,ib_txn
2234,A1033,A1251,7269.05,2025-11-6 6:14,ib_txn
2235,A1251,A1134,9823.45,2025-10-25 4:50,ib_txn
2236,A1134,A1033,1141.38,2025-10-2 22:09,ib_txn
2237,A1211,A1257,5354.75,2025-10-15 18:19,ib_txn
2238,A1247,A1192,701.53,2025-10-8 11:14,ib_txn
2239,A1063,A1192,6387.78,2025-10-4 5:00,ib_txn
2240,A1033,A1055,2419.11,2025-10-25 7:26,ib_txn
2241,A1047,A1192,9272.39,2025-11-8 16:09,ib_txn
2242,A1202,A1293,3516.62,2025-10-3 18:57,ib_txn
2243,A1055,A1247,2675.6,2025-10-22 12:28,ib_txn
2244,A1190,A1028,1013.7,2025-10-16 8:05,ib_txn
2245,A1257,A1282,3555.55,2025-10-29 22:55,ib_txn
2246,A1243,A1033,1164.86,2025-10-13 1:53,ib_txn
2247,A1202,A1190,1692.83,2025-10-12 21:34,ib_txn
2248,A1190,A1192,5320.53,2025-10-28 17:00,ib_txn
2249,A1258,A1190,2826.79,2025-10-12 22:03,ib_txn
2250,A1055,A1053,5976.01,2025-10-13 9:53,ib_txn
2251,A1243,A1260,4283.32,2025-10-11 17:08,ib_txn
2252,A1063,A1282,6289.25,2025-10-28 5:40,ib_txn
2253,A1247,A1257,4560.27,2025-10-6 10:55,ib_txn
2254,A1028,A1202,5752.1,2025-10-12 9:22,ib_txn
2255,A1211,A1055,4809.23,2025-10-25 20:28,ib_txn
2256,A1033,A1243,3665.72,2025-10-31 7:07,ib_txn
2257,A1190,A1247,621.93,2025-11-2 13:37,ib_txn
2258,A1257,A1063,9432.71,2025-10-24 13:58,ib_txn
2259,A1053,A1243,4383.48,2025-10-3 4:31,ib_txn
2260,A1053,A1258,2345.17,2025-10-28 9:17,ib_txn
2261,A1260,A1282,7236.72,2025-10-24 2:06,ib_txn
2262,A1257,A1063,7488.81,2025-10-16 17:23,ib_txn
2263,A1260,A1247,7125.98,2025-10-10 9:30,ib_txn
2264,A1211,A1202,2915.74,2025-11-8 21:03,ib_txn
2265,A1258,A1247,1608.94,2025-10-6 23:27,ib_txn
2266,A1257,A1053,7207.66,2025-10-6 18:52,ib_txn
2267,A1063,A1258,8382.62,2025-10-17 11:00,ib_txn
2268,A1257,A1055,7472.37,2025-10-6 3:58,ib_txn
2269,A1053,A1260,8235.17,2025-10-18 7:37,ib_txn
2270,A1055,A1247,9876.74,2025-11-1 0:03,ib_txn
2271,A1063,A1282,4460,2025-10-19 15:41,ib_txn
2272,A1258,A1260,2270.8,2025-10-9 7:12,ib_txn
2273,A1258,A1282,9510.59,2025-10-29 20:38,ib_txn
2274,A1047,A1258,8187.2,2025-10-13 9:26,ib_txn
2275,A1251,A1258,1258.19,2025-10-6 13:45,ib_txn
2276,A1293,A1243,3750.44,2025-11-7 8:32,ib_txn
2277,A1033,A1251,590.31,2025-10-18 0:15,ib_txn
2278,A1053,A1047,1420,2025-11-3 0:15,ib_txn
2279,A1282,A1293,9355.22,2025-10-31 12:16,ib_txn
2280,A1260,A1134,9994.73,2025-10-16 13:09,ib_txn
2281,A1047,A1260,8794.24,2025-10-7 0:06,ib_txn
2282,A1257,A1202,743.96,2025-10-8 19:19,ib_txn
2283,A1192,A1260,4793.22,2025-10-31 18:44,ib_txn
2284,A1190,A1247,9868.72,2025-10-21 0:36,ib_txn
2285,A1047,A1134,6940.33,2025-10-15 22:05,ib_txn
2286,A1257,A1243,3809.17,2025-10-31 23:58,ib_txn
2287,A1251,A1257,3291.7,2025-10-13 5:12,ib_txn
2288,A1053,A1282,801.58,2025-11-1 3:10,ib_txn
2289,A1028,A1211,2096.5,2025-10-29 4:12,ib_txn
2290,A1028,A1192,2811.88,2025-10-11 3:15,ib_txn
2291,A1063,A1247,2022.24,2025-10-21 13:57,ib_txn
2292,A1192,A1293,6826.36,2025-10-8 4:56,ib_txn
2293,A1033,A1243,8057.63,2025-10-22 8:08,ib_txn
2294,A1243,A1134,4081.6,2025-10-25 23:48,ib_txn
2295,A1028,A1063,8180.25,2025-10-15 9:25,ib_txn
2296,A1251,A1243,3732.26,2025-11-7 6:51,ib_txn
2297,A1251,A1260,1710.47,2025-10-21 13:50,ib_txn
2298,A1247,A1055,1087.91,2025-11-4 6:54,ib_txn
2299,A1063,A1134,7827.17,2025-10-9 18:55,ib_txn
2300,A1053,A1192,1512.57,2025-10-1 19:35,ib_txn
2301,A1134,A1202,8253.41,2025-10-19 7:58,ib_txn
2302,A1202,A1055,1885.77,2025-10-3 21:48,ib_txn
2303,A1055,A1282,9908.18,2025-10-8 9:57,ib_txn
2304,A1190,A1033,3269.2,2025-10-25 2:08,ib_txn
2305,A1202,A1190,8556.66,2025-10-15 1:54,ib_txn
2306,A1257,A1055,9851.7,2025-10-11 0:47,ib_txn
2307,A1063,A1033,9907.99,2025-10-26 14:14,ib_txn
2308,A1055,A1053,7115.57,2025-10-13 19:57,ib_txn
2309,A1251,A1202,3572.48,2025-11-7 1:58,ib_txn
2310,A1055,A1211,6719.02,2025-11-6 5:00,ib_txn
2311,A1033,A1055,9023.57,2025-10-14 7:56,ib_txn
2312,A1247,A1260,7396.6,2025-11-6 3:42,ib_txn
2313,A1202,A1257,9528.78,2025-10-28 6:07,ib_txn
2314,A1033,A1258,9478.1,2025-10-8 18:45,ib_txn
2315,A1063,A1202,6456.24,2025-10-26 8:55,ib_txn
2316,A1251,A1192,4268.13,2025-10-20 21:42,ib_txn
2317,A1257,A1243,7888.44,2025-10-25 10:01,ib_txn
2318,A1211,A1260,610.22,2025-10-8 3:00,ib_txn
2319,A1033,A1282,2636.88,2025-11-7 20:51,ib_txn
2320,A1033,A1293,7090.4,2025-10-7 21:35,ib_txn
2321,A1257,A1033,9999.56,2025-10-28 10:51,ib_txn
2322,A1134,A1243,7280.8,2025-11-4 6:43,ib_txn
2323,A1247,A1257,5782.57,2025-11-4 19:17,ib_txn
2324,A1243,A1282,8452.87,2025-11-4 23:43,ib_txn
2325,A1190,A1251,2216.31,2025-11-8 6:33,ib_txn
2326,A1028,A1211,8104.87,2025-10-8 1:25,ib_txn
2327,A1258,A1243,5843.71,2025-10-3 3:04,ib_txn
2328,A1282,A1055,3953.82,2025-11-4 6:14,ib_txn
2329,A1247,A1192,3355.7,2025-11-3 10:40,ib_txn
2330,A1028,A1211,1828.62,2025-11-1 11:23,ib_txn
2331,A1260,A1028,5350.61,2025-10-7 1:37,ib_txn
2332,A1047,A1190,1845.84,2025-10-14 4:53,ib_txn
2333,A1028,A1190,6121.94,2025-10-18 4:40,ib_txn
2334,A1063,A1243,5723.56,2025-10-17 13:54,ib_txn
2335,A1258,A1257,4832.64,2025-10-17 15:29,ib_txn
2336,A1202,A1028,2435.75,2025-10-18 23:03,ib_txn
2337,A1190,A1260,5854.6,2025-11-2 22:01,ib_txn
2338,A1063,A1202,3505.42,2025-10-28 13:47,ib_txn
2339,A1192,A1243,3066.19,2025-11-4 4:00,ib_txn
2340,A1028,A1063,1126.61,2025-10-6 13:12,ib_txn
2341,A1293,A1202,8754.13,2025-10-15 9:57,ib_txn
2342,A1192,A1257,9541.94,2025-10-8 6:23,ib_txn
2343,A1055,A1033,1407.64,2025-10-23 20:49,ib_txn
2344,A1028,A1293,6270.94,2025-10-4 6:13,ib_txn
2345,A1257,A1258,3779.14,2025-11-4 20:05,ib_txn
2346,A1257,A1033,6126.95,2025-10-17 0:20,ib_txn
2347,A1282,A1202,6746.85,2025-10-10 13:47,ib_txn
2348,A1293,A1047,9225.2,2025-10-24 9:04,ib_txn
2349,A1211,A1258,4670.12,2025-10-23 17:03,ib_txn
2350,A1055,A1293,9549.86,2025-11-3 8:19,ib_txn
2351,A1243,A1055,4361.89,2025-10-21 3:16,ib_txn
2352,A1243,A1053,7434.55,2025-10-6 6:00,ib_txn
2353,A1047,A1243,7562.39,2025-11-5 17:56,ib_txn
2354,A1063,A1282,9358.19,2025-10-9 17:27,ib_txn
2355,A1028,A1251,4351.98,2025-10-13 0:15,ib_txn
2356,A1063,A1028,7621.85,2025-10-16 19:13,ib_txn
2357,A1047,A1211,9664.15,2025-11-3 8:11,ib_txn
2358,A1202,A1282,3856.27,2025-10-4 15:23,ib_txn
2359,A1257,A1258,4046.2,2025-10-8 12:18,ib_txn
2360,A1192,A1028,8582.38,2025-10-8 10:33,ib_txn
2361,A1293,A1190,521.23,2025-11-6 14:19,ib_txn
2362,A1055,A1282,8344.41,2025-10-3 16:51,ib_txn
2363,A1047,A1260,555.97,2025-10-30 11:57,ib_txn
2364,A1260,A1251,548.97,2025-10-12 14:38,ib_txn
2365,A1247,A1251,4592.64,2025-10-13 3:05,ib_txn
2366,A1282,A1202,4401.83,2025-11-1 0:15,ib_txn
2367,A1293,A1192,4971.64,2025-10-24 10:53,ib_txn
2368,A1063,A1258,5596.06,2025-10-18 3:57,ib_txn
2369,A1211,A1258,1828.81,2025-10-28 0:12,ib_txn
2370,A1190,A1251,2300.89,2025-10-3 4:52,ib_txn
2371,A1063,A1134,9059.48,2025-10-11 7:14,ib_txn
2372,A1293,A1251,4500.41,2025-11-5 18:02,ib_txn
2373,A1202,A1134,7635.35,2025-10-26 18:16,ib_txn
2374,A1257,A1202,1542.46,2025-10-7 0:46,ib_txn
2375,A1202,A1260,5250.01,2025-10-16 1:53,ib_txn
2376,A1134,A1063,9776.17,2025-10-1 15:48,ib_txn
2377,A1033,A1243,7728.55,2025-10-16 22:29,ib_txn
2378,A1282,A1258,2869.93,2025-10-8 9:35,ib_txn
2379,A1192,A1063,2384.92,2025-10-7 18:17,ib_txn
2380,A1258,A1190,9929.24,2025-11-7 22:53,ib_txn
2381,A1251,A1202,4312.19,2025-10-18 6:59,ib_txn
2382,A1250,A1014,3704.7,2025-10-1 10:26,ib_txn
2383,A1222,A1271,8870.99,2025-10-3 21:59,ib_txn
2384,A1271,A1250,8410.46,2025-10-30 20:10,ib_txn
2385,A1051,A1264,3407.32,2025-10-15 15:25,ib_txn
2386,A1225,A1031,5454.26,2025-10-9 7:42,ib_txn
2387,A1051,A1271,2579.61,2025-10-12 20:21,ib_txn
2388,A1032,A1031,8257.31,2025-10-30 17:22,ib_txn
2389,A1250,A1032,2065.83,2025-10-24 23:32,ib_txn
2390,A1269,A1225,1529.81,2025-10-5 13:12,ib_txn
2391,A1248,A1279,766.46,2025-10-19 5:55,ib_txn
2392,A1031,A1032,2513.14,2025-10-1 11:15,ib_txn
2393,A1264,A1269,6564.7,2025-10-3 8:45,ib_txn
2394,A1031,A1051,5865.57,2025-11-6 17:36,ib_txn
2395,A1271,A1279,1385.5,2025-10-20 0:18,ib_txn
2396,A1248,A1225,9608.02,2025-11-2 7:05,ib_txn
2397,A1014,A1279,9751.58,2025-10-7 12:03,ib_txn
2398,A1264,A1031,5270.68,2025-10-10 0:51,ib_txn
2399,A1248,A1250,5031.05,2025-10-3 10:33,ib_txn
2400,A1222,A1008,4899.51,2025-10-6 8:25,ib_txn
2401,A1248,A1008,6715.09,2025-10-11 18:15,ib_txn
2402,A1014,A1051,6688.25,2025-10-22 16:17,ib_txn
2403,A1279,A1225,3923.01,2025-10-28 1:27,ib_txn
2404,A1248,A1008,4182.53,2025-10-14 22:13,ib_txn
2405,A1031,A1222,5885.56,2025-11-1 3:32,ib_txn
2406,A1222,A1248,8769.35,2025-11-5 3:10,ib_txn
2407,A1279,A1222,9373.53,2025-10-11 2:28,ib_txn
2408,A1279,A1031,1175.77,2025-10-30 9:23,ib_txn
2409,A1225,A1248,8828.25,2025-10-9 4:30,ib_txn
2410,A1279,A1225,4308.92,2025-10-9 16:03,ib_txn
2411,A1264,A1051,9544.43,2025-10-24 3:02,ib_txn
2412,A1278,A1225,8835.38,2025-10-3 22:35,ib_txn
2413,A1248,A1269,7147.58,2025-11-5 0:17,ib_txn
2414,A1032,A1031,3261.28,2025-10-11 20:45,ib_txn
2415,A1032,A1031,2618.99,2025-10-30 3:24,ib_txn
2416,A1278,A1032,6603.6,2025-10-30 3:58,ib_txn
2417,A1222,A1014,1529.31,2025-10-26 15:46,ib_txn
2418,A1250,A1279,1112.48,2025-10-22 22:00,ib_txn
2419,A1269,A1014,7542.21,2025-10-8 10:08,ib_txn
2420,A1271,A1264,1979.54,2025-10-31 5:17,ib_txn
2421,A1269,A1279,5897.96,2025-11-8 13:50,ib_txn
2422,A1248,A1279,8000.81,2025-10-31 7:46,ib_txn
2423,A1271,A1248,6994.88,2025-10-18 9:10,ib_txn
2424,A1222,A1031,1846.51,2025-10-18 14:44,ib_txn
2425,A1225,A1014,4788.5,2025-10-27 19:06,ib_txn
2426,A1008,A1225,2248.74,2025-10-4 3:21,ib_txn
2427,A1279,A1248,3320.6,2025-10-13 12:43,ib_txn
2428,A1278,A1032,5587.31,2025-10-11 15:54,ib_txn
2429,A1014,A1051,4196.81,2025-10-1 20:25,ib_txn
2430,A1269,A1031,7365.87,2025-11-7 22:26,ib_txn
2431,A1279,A1008,9870.5,2025-10-21 0:30,ib_txn
2432,A1222,A1278,8710.86,2025-10-8 14:47,ib_txn
2433,A1271,A1278,9461.58,2025-10-9 23:05,ib_txn
2434,A1051,A1031,846.62,2025-10-13 15:17,ib_txn
2435,A1264,A1248,2077.96,2025-10-25 7:52,ib_txn
2436,A1269,A1032,9731.57,2025-11-6 0:31,ib_txn
2437,A1271,A1225,9018.22,2025-11-2 4:32,ib_txn
2438,A1278,A1250,4398.67,2025-10-23 19:45,ib_txn
2439,A1264,A1248,3690.35,2025-10-12 16:42,ib_txn
2440,A1279,A1222,5751.16,2025-10-11 19:45,ib_txn
2441,A1250,A1225,8528.37,2025-10-28 23:05,ib_txn
2442,A1032,A1031,9955.95,2025-10-7 3:15,ib_txn
2443,A1250,A1031,5215.85,2025-11-4 3:37,ib_txn
2444,A1278,A1264,6021.72,2025-10-3 10:33,ib_txn
2445,A1269,A1032,7880.36,2025-11-5 13:52,ib_txn
2446,A1269,A1278,9530.24,2025-10-23 16:53,ib_txn
2447,A1008,A1014,7954.03,2025-10-26 0:16,ib_txn
2448,A1248,A1269,5321.83,2025-10-18 23:58,ib_txn
2449,A1225,A1248,9138.71,2025-10-16 0:09,ib_txn
2450,A1271,A1222,8009.85,2025-11-3 21:50,ib_txn
2451,A1051,A1250,2797.4,2025-10-26 7:00,ib_txn
2452,A1008,A1250,8371.22,2025-11-6 15:37,ib_txn
2453,A1250,A1014,2150.31,2025-10-21 18:50,ib_txn
2454,A1250,A1269,1445.99,2025-10-9 18:21,ib_txn
2455,A1008,A1051,7950.67,2025-10-17 20:07,ib_txn
2456,A1279,A1269,1385.92,2025-10-2 15:55,ib_txn
2457,A1008,A1248,6136.24,2025-10-2 22:30,ib_txn
2458,A1264,A1031,5932.04,2025-10-2 4:45,ib_txn
2459,A1008,A1032,7887.1,2025-10-12 8:43,ib_txn
2460,A1269,A1225,2341.37,2025-10-16 13:45,ib_txn
2461,A1008,A1271,3112.17,2025-10-10 22:50,ib_txn
2462,A1008,A1051,8735.92,2025-10-8 16:42,ib_txn
2463,A1222,A1225,2988.95,2025-10-12 3:22,ib_txn
2464,A1278,A1279,9170.83,2025-10-14 14:13,ib_txn
2465,A1271,A1250,1198.97,2025-10-5 7:39,ib_txn
2466,A1250,A1032,8952.28,2025-10-29 5:51,ib_txn
2467,A1222,A1008,5889.29,2025-11-8 1:08,ib_txn
2468,A1279,A1032,5097.15,2025-11-8 19:53,ib_txn
2469,A1222,A1264,7546.12,2025-10-8 7:01,ib_txn
2470,A1271,A1264,718.86,2025-11-2 5:32,ib_txn
2471,A1032,A1279,1590.49,2025-10-14 1:04,ib_txn
2472,A1222,A1269,1292.71,2025-10-9 9:44,ib_txn
2473,A1278,A1269,9555.68,2025-10-23 20:04,ib_txn
2474,A1014,A1248,5210.12,2025-11-2 14:33,ib_txn
2475,A1225,A1222,2379.83,2025-10-18 14:18,ib_txn
2476,A1051,A1248,7781.26,2025-10-20 6:01,ib_txn
2477,A1014,A1278,4617.98,2025-10-29 15:25,ib_txn
2478,A1014,A1225,8250.98,2025-10-7 22:06,ib_txn
2479,A1051,A1279,4052.62,2025-10-5 16:21,ib_txn
2480,A1271,A1264,2904.1,2025-10-27 10:41,ib_txn
2481,A1032,A1008,9528.59,2025-11-3 12:49,ib_txn
2482,A1222,A1248,3565.47,2025-10-12 13:01,ib_txn
2483,A1031,A1269,6741.07,2025-10-24 5:16,ib_txn
2484,A1031,A1271,3526.6,2025-10-1 11:58,ib_txn
2485,A1278,A1051,8054.77,2025-10-15 20:26,ib_txn
2486,A1051,A1269,5508.99,2025-10-7 20:25,ib_txn
2487,A1014,A1051,9489.58,2025-10-5 20:53,ib_txn
2488,A1248,A1250,3518.94,2025-10-21 7:12,ib_txn
2489,A1271,A1248,5192.38,2025-10-3 9:59,ib_txn
2490,A1031,A1032,4801.46,2025-11-8 11:54,ib_txn
2491,A1250,A1269,5975.93,2025-10-19 0:38,ib_txn
2492,A1248,A1051,9885.57,2025-10-30 10:21,ib_txn
2493,A1250,A1271,9010.38,2025-11-3 1:25,ib_txn
2494,A1031,A1278,1403.64,2025-10-27 10:57,ib_txn
2495,A1279,A1248,3785.33,2025-10-6 20:15,ib_txn
2496,A1278,A1051,947.19,2025-10-20 16:33,ib_txn
2497,A1032,A1008,9687.95,2025-10-8 13:36,ib_txn
2498,A1269,A1271,8341.84,2025-10-9 3:49,ib_txn
2499,A1014,A1250,2650.24,2025-10-6 6:57,ib_txn
2500,A1248,A1279,8253.4,2025-11-4 0:10,ib_txn
2501,A1225,A1248,909.22,2025-10-4 11:04,ib_txn
2502,A1225,A1279,7035.26,2025-10-25 9:49,ib_txn
2503,A1222,A1032,6042.81,2025-10-8 4:35,ib_txn
2504,A1032,A1222,7653.83,2025-10-27 23:11,ib_txn
2505,A1008,A1031,5456.76,2025-10-16 21:02,ib_txn
2506,A1008,A1278,9775.32,2025-10-21 17:34,ib_txn
2507,A1248,A1225,7258.12,2025-10-23 20:20,ib_txn
2508,A1008,A1032,7485.05,2025-10-14 2:50,ib_txn
2509,A1278,A1271,2518.52,2025-10-14 17:02,ib_txn
2510,A1269,A1278,1493.08,2025-10-14 21:30,ib_txn
2511,A1264,A1279,7724.64,2025-10-20 16:31,ib_txn
2512,A1222,A1264,1503.77,2025-10-9 7:57,ib_txn
2513,A1250,A1278,8744.66,2025-11-2 7:23,ib_txn
2514,A1225,A1250,2059.87,2025-10-20 21:01,ib_txn
2515,A1031,A1222,4879.06,2025-10-7 4:00,ib_txn
2516,A1271,A1278,2276.78,2025-10-2 17:20,ib_txn
2517,A1264,A1278,3843.59,2025-10-8 20:02,ib_txn
2518,A1279,A1250,2514.63,2025-10-26 18:17,ib_txn
2519,A1264,A1279,1004.99,2025-10-18 13:27,ib_txn
2520,A1271,A1008,4133.96,2025-10-28 7:03,ib_txn
2521,A1269,A1250,2178.13,2025-10-18 19:16,ib_txn
2522,A1278,A1264,4618.87,2025-10-4 23:31,ib_txn
2523,A1031,A1269,1594.29,2025-10-3 20:56,ib_txn
2524,A1269,A1031,5555.25,2025-10-18 8:14,ib_txn
2525,A1014,A1032,4343.31,2025-10-26 3:41,ib_txn
2526,A1014,A1032,3048.54,2025-10-14 6:13,ib_txn
2527,A1279,A1008,3235.93,2025-11-8 10:29,ib_txn
2528,A1271,A1031,2258.25,2025-10-31 11:06,ib_txn
2529,A1269,A1222,3493.57,2025-10-5 6:04,ib_txn
2530,A1279,A1278,1847.42,2025-10-1 17:16,ib_txn
2531,A1279,A1271,2186.39,2025-10-17 2:48,ib_txn
2532,A1008,A1248,8604.35,2025-11-8 12:49,ib_txn
2533,A1278,A1269,4989.4,2025-10-3 0:37,ib_txn
2534,A1008,A1225,8435.91,2025-11-3 18:19,ib_txn
2535,A1248,A1031,1449.93,2025-10-22 16:28,ib_txn
2536,A1014,A1279,9903.03,2025-10-17 17:42,ib_txn
2537,A1271,A1279,3360.77,2025-10-22 18:51,ib_txn
2538,A1032,A1051,5101.37,2025-10-18 18:54,ib_txn
2539,A1008,A1271,1905.05,2025-10-27 8:01,ib_txn
2540,A1222,A1279,5229.41,2025-10-16 21:01,ib_txn
2541,A1014,A1250,3914.49,2025-10-6 7:03,ib_txn
2542,A1008,A1031,9671.8,2025-11-4 16:21,ib_txn
2543,A1008,A1279,8935.95,2025-10-26 21:27,ib_txn
2544,A1225,A1032,2310.44,2025-11-7 18:56,ib_txn
2545,A1279,A1051,1668.13,2025-10-30 20:37,ib_txn
2546,A1225,A1031,9709.96,2025-11-1 5:21,ib_txn
2547,A1264,A1225,6426.05,2025-10-11 11:03,ib_txn
2548,A1225,A1031,8097.96,2025-10-1 16:31,ib_txn
2549,A1032,A1051,1672.64,2025-11-1 11:08,ib_txn
2550,A1250,A1279,6772.41,2025-10-1 1:49,ib_txn
2551,A1222,A1279,8847.86,2025-11-2 20:24,ib_txn
2552,A1014,A1225,1855.12,2025-10-13 15:43,ib_txn
2553,A1031,A1225,2579.15,2025-10-31 12:54,ib_txn
2554,A1248,A1008,6551.92,2025-10-28 14:31,ib_txn
2555,A1225,A1032,6171.87,2025-10-12 20:31,ib_txn
2556,A1008,A1279,8141.61,2025-10-9 7:15,ib_txn
2557,A1264,A1269,3360.09,2025-10-6 10:49,ib_txn
2558,A1008,A1278,5685.39,2025-10-25 15:54,ib_txn
2559,A1222,A1264,4698.06,2025-10-21 18:20,ib_txn
2560,A1014,A1279,4949.6,2025-10-28 16:59,ib_txn
2561,A1250,A1278,762.89,2025-11-5 0:57,ib_txn
2562,A1031,A1248,1835.56,2025-10-20 8:50,ib_txn
2563,A1264,A1279,1709.11,2025-11-4 20:35,ib_txn
2564,A1271,A1248,8528.52,2025-10-9 14:40,ib_txn
2565,A1248,A1032,8811.65,2025-10-30 1:58,ib_txn
2566,A1032,A1008,1516.96,2025-11-8 3:32,ib_txn
2567,A1051,A1278,7060.63,2025-10-4 4:25,ib_txn
2568,A1051,A1008,5352.8,2025-10-4 7:27,ib_txn
2569,A1222,A1264,7534.03,2025-11-1 4:57,ib_txn
2570,A1008,A1032,8596.43,2025-10-20 22:52,ib_txn
2571,A1271,A1248,5107.07,2025-10-13 4:10,ib_txn
2572,A1271,A1222,6236.01,2025-10-8 18:55,ib_txn
2573,A1269,A1032,1484.27,2025-10-2 18:24,ib_txn
2574,A1250,A1271,9297.42,2025-10-20 14:43,ib_txn
2575,A1032,A1269,8496.35,2025-11-4 9:28,ib_txn
2576,A1032,A1008,6363.01,2025-10-28 5:19,ib_txn
2577,A1271,A1222,1846.02,2025-10-16 6:13,ib_txn
2578,A1014,A1032,5693.47,2025-10-31 17:29,ib_txn
2579,A1225,A1008,1450.19,2025-11-7 17:56,ib_txn
2580,A1008,A1225,4216.3,2025-10-7 16:53,ib_txn
2581,A1032,A1250,1907.58,2025-10-19 16:38,ib_txn
2582,A1051,A1250,604.69,2025-10-20 1:14,ib_txn
2583,A1008,A1032,6388.83,2025-10-3 12:54,ib_txn
2584,A1278,A1014,4854.33,2025-10-1 5:45,ib_txn
2585,A1264,A1032,2502.41,2025-11-3 14:13,ib_txn
2586,A1031,A1222,6731.23,2025-10-23 23:52,ib_txn
2587,A1051,A1279,4865.08,2025-10-9 10:08,ib_txn
2588,A1225,A1250,1148,2025-10-31 13:42,ib_txn
2589,A1051,A1008,2213.56,2025-11-2 23:59,ib_txn
2590,A1225,A1222,7128.8,2025-11-7 21:08,ib_txn
2591,A1051,A1032,8383.92,2025-10-5 1:38,ib_txn
2592,A1222,A1269,1417.13,2025-10-7 18:11,ib_txn
2593,A1278,A1279,7719.14,2025-10-16 3:50,ib_txn
2594,A1014,A1250,7680.23,2025-10-27 2:20,ib_txn
2595,A1051,A1225,1587.5,2025-10-5 16:04,ib_txn
2596,A1051,A1008,8486.45,2025-10-12 11:41,ib_txn
2597,A1250,A1222,9894.27,2025-11-6 20:15,ib_txn
2598,A1278,A1032,6949.07,2025-10-15 7:19,ib_txn
2599,A1222,A1250,8231.46,2025-10-13 3:07,ib_txn
2600,A1008,A1031,2433.63,2025-10-9 0:11,ib_txn
2601,A1248,A1250,5898.8,2025-10-5 12:24,ib_txn
2602,A1008,A1014,9598.56,2025-11-3 18:03,ib_txn
2603,A1051,A1278,5258.08,2025-10-23 22:31,ib_txn
2604,A1032,A1222,8115.16,2025-10-29 15:33,ib_txn
2605,A1031,A1051,1242.37,2025-11-3 10:51,ib_txn
2606,A1031,A1278,2690.45,2025-11-8 19:40,ib_txn
2607,A1271,A1269,8302.61,2025-10-19 9:09,ib_txn
2608,A1031,A1222,9697.09,2025-10-5 19:27,ib_txn
2609,A1264,A1051,5250.45,2025-10-26 22:31,ib_txn
2610,A1264,A1014,8972.18,2025-11-7 17:08,ib_txn
2611,A1271,A1279,4503.35,2025-10-13 12:10,ib_txn
2612,A1222,A1269,5697.33,2025-10-22 2:16,ib_txn
2613,A1278,A1031,8153.79,2025-11-6 22:12,ib_txn
2614,A1248,A1271,3785.53,2025-10-5 15:09,ib_txn
2615,A1014,A1051,9328.95,2025-11-5 17:25,ib_txn
2616,A1271,A1031,838.2,2025-11-2 8:12,ib_txn
2617,A1279,A1250,5037.13,2025-10-15 0:46,ib_txn
2618,A1271,A1248,7927.31,2025-10-13 19:26,ib_txn
2619,A1032,A1250,6978.44,2025-10-2 20:06,ib_txn
2620,A1271,A1250,7773.97,2025-10-9 15:38,ib_txn
2621,A1250,A1264,1808.82,2025-10-29 4:17,ib_txn
2622,A1279,A1032,2339.63,2025-10-28 2:06,ib_txn
2623,A1269,A1031,6091.87,2025-10-15 15:02,ib_txn
2624,A1248,A1032,8035.22,2025-11-6 1:40,ib_txn
2625,A1269,A1271,1227.81,2025-10-9 15:58,ib_txn
2626,A1225,A1271,3484.2,2025-11-8 23:51,ib_txn
2627,A1225,A1222,6258.18,2025-10-31 23:56,ib_txn
2628,A1008,A1031,1225.59,2025-11-4 7:29,ib_txn
2629,A1014,A1032,8227.54,2025-10-15 16:08,ib_txn
2630,A1279,A1248,5738.36,2025-10-16 19:10,ib_txn
2631,A1279,A1014,5643.48,2025-10-7 1:57,ib_txn
2632,A1250,A1014,9530.35,2025-11-1 10:11,ib_txn
2633,A1222,A1264,2690.09,2025-11-5 7:40,ib_txn
2634,A1279,A1014,8255.61,2025-10-10 1:18,ib_txn
2635,A1008,A1248,4810.75,2025-10-8 0:46,ib_txn
2636,A1032,A1271,3067.84,2025-11-7 13:59,ib_txn
2637,A1032,A1031,1067.34,2025-10-25 18:02,ib_txn
2638,A1032,A1250,4154.3,2025-10-3 8:10,ib_txn
2639,A1250,A1222,6769.29,2025-11-4 1:54,ib_txn
2640,A1225,A1271,5644.72,2025-10-23 0:56,ib_txn
2641,A1248,A1279,9265.64,2025-10-17 21:30,ib_txn
2642,A1279,A1014,8377.77,2025-10-28 15:33,ib_txn
2643,A1248,A1271,8170.27,2025-11-5 14:07,ib_txn
2644,A1225,A1264,4903.27,2025-11-6 20:41,ib_txn
2645,A1225,A1222,9622.9,2025-10-30 8:40,ib_txn
2646,A1225,A1248,6984.69,2025-10-18 3:06,ib_txn
2647,A1248,A1264,3310.34,2025-11-6 14:22,ib_txn
2648,A1051,A1225,3936.1,2025-10-17 23:46,ib_txn
2649,A1271,A1031,3415.5,2025-10-21 9:37,ib_txn
2650,A1278,A1032,664.03,2025-10-1 16:58,ib_txn
2651,A1279,A1278,6558.56,2025-11-5 7:55,ib_txn
2652,A1271,A1051,9418.93,2025-10-18 22:13,ib_txn
2653,A1031,A1278,2208.14,2025-10-18 9:26,ib_txn
2654,A1222,A1269,6488.21,2025-10-10 22:29,ib_txn
2655,A1271,A1269,1587.24,2025-10-3 6:42,ib_txn
2656,A1264,A1278,6008.96,2025-10-3 20:08,ib_txn
2657,A1269,A1271,9541.19,2025-10-17 9:22,ib_txn
2658,A1032,A1279,5634.19,2025-10-3 21:51,ib_txn
2659,A1279,A1031,1236.05,2025-10-29 4:07,ib_txn
2660,A1031,A1269,2438.4,2025-11-6 13:31,ib_txn
2661,A1250,A1031,6597.93,2025-10-19 5:12,ib_txn
2662,A1279,A1051,7987.56,2025-10-22 14:51,ib_txn
2663,A1279,A1278,9453.56,2025-10-19 22:38,ib_txn
2664,A1271,A1225,9337.93,2025-11-7 0:55,ib_txn
2665,A1248,A1279,5352.56,2025-11-2 21:10,ib_txn
2666,A1279,A1269,4098.98,2025-11-7 1:11,ib_txn
2667,A1014,A1222,4120.35,2025-10-6 2:48,ib_txn
2668,A1051,A1264,9979.22,2025-11-5 15:13,ib_txn
2669,A1032,A1264,8082.95,2025-11-8 17:11,ib_txn
2670,A1278,A1279,3057.24,2025-11-6 10:40,ib_txn
2671,A1279,A1269,8090.56,2025-10-24 8:24,ib_txn
2672,A1031,A1014,2789.94,2025-10-27 13:10,ib_txn
2673,A1279,A1264,5303.61,2025-10-24 23:47,ib_txn
2674,A1051,A1269,4765.2,2025-10-27 8:21,ib_txn
2675,A1032,A1222,9294.31,2025-10-16 14:50,ib_txn
2676,A1222,A1051,2972.65,2025-10-19 12:26,ib_txn
2677,A1031,A1032,4380.78,2025-11-2 5:24,ib_txn
2678,A1278,A1008,8873.69,2025-10-13 6:33,ib_txn
2679,A1031,A1250,3002.07,2025-11-5 17:06,ib_txn
2680,A1031,A1222,8759.86,2025-10-28 0:52,ib_txn
2681,A1031,A1222,5391.52,2025-11-3 14:07,ib_txn
2682,A1279,A1222,4322.02,2025-11-5 8:47,ib_txn
2683,A1225,A1031,3699.68,2025-10-22 21:32,ib_txn
2684,A1051,A1031,9944.27,2025-10-3 2:41,ib_txn
2685,A1278,A1250,6492.9,2025-10-28 10:31,ib_txn
2686,A1014,A1222,7467.71,2025-11-7 18:32,ib_txn
2687,A1222,A1271,6138.76,2025-10-24 23:38,ib_txn
2688,A1250,A1279,4666.58,2025-11-2 21:24,ib_txn
2689,A1248,A1031,2706.5,2025-11-1 12:25,ib_txn
2690,A1051,A1264,9024.37,2025-11-7 18:30,ib_txn
2691,A1250,A1279,7694.35,2025-10-10 1:31,ib_txn
2692,A1014,A1269,4590.11,2025-10-18 20:56,ib_txn
2693,A1279,A1031,3799.78,2025-10-11 4:18,ib_txn
2694,A1225,A1278,4669.71,2025-10-11 10:30,ib_txn
2695,A1051,A1248,1508.13,2025-10-15 10:08,ib_txn
2696,A1031,A1269,5745.55,2025-11-2 6:08,ib_txn
2697,A1051,A1271,9618.64,2025-11-4 19:35,ib_txn
2698,A1032,A1271,4010.64,2025-10-19 20:47,ib_txn
2699,A1014,A1278,5448.49,2025-10-30 10:44,ib_txn
2700,A1014,A1032,9232.24,2025-10-8 16:10,ib_txn
2701,A1031,A1222,9934.23,2025-10-8 12:52,ib_txn
2702,A1269,A1014,1206.33,2025-10-11 18:27,ib_txn
2703,A1225,A1278,6490.93,2025-11-2 2:41,ib_txn
2704,A1014,A1279,8976.59,2025-10-3 15:46,ib_txn
2705,A1248,A1264,3516.51,2025-11-5 22:47,ib_txn
2706,A1008,A1032,575.72,2025-10-9 21:20,ib_txn
2707,A1032,A1269,6896.8,2025-10-17 17:06,ib_txn
2708,A1278,A1222,7468.83,2025-10-19 4:47,ib_txn
2709,A1008,A1031,9532.91,2025-10-14 0:06,ib_txn
2710,A1264,A1051,2481.2,2025-10-12 1:24,ib_txn
2711,A1014,A1225,6327.09,2025-11-7 8:32,ib_txn
2712,A1279,A1278,5539.38,2025-10-12 10:55,ib_txn
2713,A1225,A1008,5108.07,2025-10-26 21:46,ib_txn
2714,A1264,A1278,3306.46,2025-10-15 4:05,ib_txn
2715,A1250,A1278,3591.27,2025-10-28 4:13,ib_txn
2716,A1278,A1279,6775.82,2025-10-23 14:29,ib_txn
2717,A1222,A1248,8880.63,2025-11-1 21:53,ib_txn
2718,A1271,A1225,3045.28,2025-10-14 14:53,ib_txn
2719,A1264,A1248,3570.32,2025-10-21 14:58,ib_txn
2720,A1248,A1278,4539.39,2025-10-17 1:59,ib_txn
2721,A1278,A1014,2580.01,2025-10-3 11:13,ib_txn
2722,A1250,A1269,5938.8,2025-10-11 19:30,ib_txn
2723,A1248,A1008,1548,2025-10-22 4:42,ib_txn
2724,A1264,A1271,9527.65,2025-10-2 13:48,ib_txn
2725,A1279,A1032,7785,2025-11-5 2:18,ib_txn
2726,A1271,A1264,2499.4,2025-11-4 7:13,ib_txn
2727,A1032,A1264,4257.5,2025-10-15 10:33,ib_txn
2728,A1279,A1032,4427.26,2025-11-5 9:03,ib_txn
2729,A1271,A1032,7673.66,2025-11-3 3:43,ib_txn
2730,A1250,A1248,5106.55,2025-10-11 10:18,ib_txn
2731,A1271,A1269,6499.78,2025-10-16 1:13,ib_txn
2732,A1014,A1031,8223.46,2025-10-25 23:51,ib_txn
2733,A1014,A1225,8688.85,2025-10-5 2:41,ib_txn
2734,A1248,A1014,4446.11,2025-10-1 19:43,ib_txn
2735,A1222,A1031,7490.8,2025-10-26 7:04,ib_txn
2736,A1032,A1225,7955.33,2025-10-28 18:39,ib_txn
2737,A1271,A1225,3103.47,2025-10-13 3:37,ib_txn
2738,A1008,A1051,4978.3,2025-10-19 15:38,ib_txn
2739,A1269,A1250,5829.46,2025-10-31 10:21,ib_txn
2740,A1264,A1032,2823.83,2025-10-2 18:05,ib_txn
2741,A1250,A1279,7745.65,2025-10-7 16:27,ib_txn
2742,A1051,A1271,4274.81,2025-10-15 16:16,ib_txn
2743,A1278,A1051,1535.01,2025-10-20 12:06,ib_txn
2744,A1248,A1008,9770.27,2025-10-7 20:25,ib_txn
2745,A1278,A1051,2874.71,2025-10-10 14:40,ib_txn
2746,A1032,A1278,5472.35,2025-11-6 8:27,ib_txn
2747,A1248,A1278,2894.23,2025-10-20 12:18,ib_txn
2748,A1271,A1279,7045.48,2025-11-8 14:48,ib_txn
2749,A1225,A1014,2487.63,2025-11-5 17:47,ib_txn
2750,A1278,A1279,9615.02,2025-10-16 11:43,ib_txn
2751,A1264,A1032,8657.2,2025-10-6 3:49,ib_txn
2752,A1250,A1222,7690.42,2025-10-11 18:55,ib_txn
2753,A1031,A1222,2374.99,2025-10-8 1:25,ib_txn
2754,A1278,A1222,6448.57,2025-11-3 17:44,ib_txn
2755,A1014,A1264,4472.4,2025-10-1 10:48,ib_txn
2756,A1250,A1225,7339.46,2025-10-18 19:01,ib_txn
2757,A1051,A1279,5856.2,2025-10-11 5:09,ib_txn
2758,A1264,A1008,2442.39,2025-10-24 18:54,ib_txn
2759,A1225,A1278,4897.36,2025-10-22 4:55,ib_txn
2760,A1264,A1014,8379.38,2025-10-1 11:34,ib_txn
2761,A1278,A1031,9936.45,2025-10-1 11:21,ib_txn
2762,A1014,A1031,5608.45,2025-10-22 3:26,ib_txn
2763,A1051,A1278,6147.32,2025-10-5 12:45,ib_txn
2764,A1264,A1269,3777.1,2025-10-1 7:00,ib_txn
2765,A1225,A1250,6052.45,2025-10-20 13:22,ib_txn
2766,A1248,A1250,9375.93,2025-11-5 19:41,ib_txn
2767,A1031,A1051,1948.01,2025-10-14 10:11,ib_txn
2768,A1225,A1051,1472.06,2025-11-3 21:23,ib_txn
2769,A1248,A1250,3636.52,2025-11-7 22:01,ib_txn
2770,A1248,A1014,8777.7,2025-10-31 7:37,ib_txn
2771,A1269,A1032,1367.71,2025-10-10 5:13,ib_txn
2772,A1278,A1271,3571.71,2025-10-4 4:59,ib_txn
2773,A1248,A1278,4541.35,2025-10-31 11:54,ib_txn
2774,A1264,A1248,1614.32,2025-11-5 14:19,ib_txn
2775,A1248,A1250,7209.32,2025-10-23 11:21,ib_txn
2776,A1279,A1264,1242.9,2025-11-8 7:47,ib_txn
2777,A1008,A1225,7257.8,2025-10-28 20:24,ib_txn
2778,A1278,A1014,7995.17,2025-10-8 20:18,ib_txn
2779,A1008,A1279,2191.12,2025-10-24 16:58,ib_txn
2780,A1279,A1014,4528.74,2025-11-5 6:57,ib_txn
2781,A1279,A1222,9365.33,2025-10-1 7:07,ib_txn
2782,A1269,A1271,6068.79,2025-10-22 3:25,ib_txn
2783,A1225,A1264,9254.86,2025-11-8 9:56,ib_txn
2784,A1008,A1278,4283.79,2025-10-17 9:58,ib_txn
2785,A1271,A1051,8321.59,2025-10-31 22:07,ib_txn
2786,A1222,A1278,7624.39,2025-11-4 3:46,ib_txn
2787,A1279,A1271,6322.74,2025-10-10 6:26,ib_txn
2788,A1031,A1250,8423.61,2025-10-8 2:02,ib_txn
2789,A1271,A1279,1426.02,2025-11-4 10:06,ib_txn
2790,A1008,A1051,7505.81,2025-10-22 11:31,ib_txn
2791,A1222,A1051,7360.29,2025-10-24 18:47,ib_txn
2792,A1008,A1250,4455.6,2025-10-4 2:21,ib_txn
2793,A1032,A1248,5264.49,2025-10-18 3:03,ib_txn
2794,A1278,A1271,3117.49,2025-10-13 18:24,ib_txn
2795,A1222,A1008,7594.87,2025-10-1 11:19,ib_txn
2796,A1264,A1279,1618.29,2025-10-30 20:41,ib_txn
2797,A1031,A1051,9337.59,2025-10-6 4:13,ib_txn
2798,A1031,A1222,3516.26,2025-10-2 6:09,ib_txn
2799,A1269,A1008,4058.03,2025-10-6 8:58,ib_txn
2800,A1032,A1008,6602.02,2025-10-13 4:49,ib_txn
2801,A1271,A1250,7206.18,2025-10-12 10:09,ib_txn
2802,A1051,A1279,4432.84,2025-10-13 9:55,ib_txn
2803,A1222,A1225,2963.86,2025-10-29 9:37,ib_txn
2804,A1278,A1279,5997.61,2025-10-23 23:22,ib_txn
2805,A1278,A1008,7026.88,2025-10-11 1:20,ib_txn
2806,A1250,A1222,5610.51,2025-10-14 15:47,ib_txn
2807,A1008,A1248,6979.17,2025-10-19 7:33,ib_txn
2808,A1014,A1264,5740.31,2025-10-18 3:18,ib_txn
2809,A1248,A1269,2953.03,2025-10-30 9:29,ib_txn
2810,A1031,A1264,6754.16,2025-10-12 17:18,ib_txn
2811,A1278,A1051,3568.41,2025-11-6 13:45,ib_txn
2812,A1051,A1271,3562.53,2025-10-7 22:55,ib_txn
2813,A1032,A1271,2008.13,2025-10-31 12:11,ib_txn
2814,A1008,A1031,2277.56,2025-10-23 11:09,ib_txn
2815,A1278,A1264,2268.53,2025-10-2 15:59,ib_txn
2816,A1278,A1051,5971.67,2025-10-28 14:32,ib_txn
2817,A1032,A1269,2899.46,2025-10-24 21:52,ib_txn
2818,A1278,A1008,4310.95,2025-10-3 8:31,ib_txn
2819,A1031,A1250,4546,2025-10-18 21:01,ib_txn
2820,A1051,A1271,2058.25,2025-10-11 10:56,ib_txn
2821,A1014,A1264,2385.39,2025-11-6 5:04,ib_txn
